접점코드,판매점명,실판매POS,통신사,담당영업과장
S텔22040,영)선봉모바일1호점,선봉모바일,후불)텔링크SK,원세영
S텔26046,열)제이에이치모바일(오산),제이에이치모바일,후불)텔링크SK,박종열
S텔26023,구)좋은선택주식회사,좋은선택 주식회사 라페점,후불)텔링크SK,서승구
S텔23647,민)스마트정석,스마트정석,후불)텔링크SK,김민준
S텔26355,민)말랑팩토리,말랑팩토리,후불)텔링크SK,김민준
S텔22842,웅)(주)더케이(김해),(주)더케이,후불)텔링크SK,정선웅
S텔20533,구)(주)셈틀정보통신,(주)셈틀정보통신,후불)텔링크SK,서승구
S텔23371,준)(주)스마일커뮤니티,알뜰통신,후불)텔링크SK,황병준
S텔23367,준)(주)스마일커뮤니티,주식회사스마일커뮤니티,후불)텔링크SK,황병준
S텔23366,준)(주)스마일커뮤니티,주식회사스마일커뮤니티착한통신,후불)텔링크SK,황병준
S텔23269,준)(주)스마일커뮤니티,휴대폰천하통일,후불)텔링크SK,황병준
S텔26443,준)(주)스마일커뮤니티,휴대폰성지당곡점,후불)텔링크SK,황병준
S텔21207,구)(주)알케이유통(안산),주식회사 알케이유통,후불)텔링크SK,서승구
S텔25531,열)(주)유어케이스이대지점(마포),주식회사유어케이스이대지점,후불)텔링크SK,박종열
S텔25282,열)(주)이루다홀딩스,㈜이루다홀딩스-지점제로,후불)텔링크SK,박종열
S텔25075,열)(주)이루다홀딩스,제로모바일,후불)텔링크SK,박종열
S텔22815,열)(주)이루다홀딩스,주식회사이루다홀딩스(원동폰),후불)텔링크SK,박종열
S텔22778,열)(주)이루다홀딩스,㈜이루다홀딩스-지점서정폰,후불)텔링크SK,박종열
S텔25483,열)(주)이루다홀딩스,㈜이루다홀딩스-(평택폰),후불)텔링크SK,박종열
S텔25568,열)(주)이루다홀딩스,㈜이루다홀딩스-지점송북폰,후불)텔링크SK,박종열
S텔25570,열)(주)이루다홀딩스,주식회사이루다홀딩스-지점,후불)텔링크SK,박종열
S텔25176,열)(주)지니모바일(위례),(주)지니모바일 위례점,후불)텔링크SK,박종열
S텔25054,열)(주)케이씨엘(성남),(주)케이씨엘,후불)텔링크SK,박종열
S텔23030,열)(주)프론티어홀딩스,주식회사 프론티어홀딩스,후불)텔링크SK,박종열
S텔24291,열)(주)프리엠(광주),주)프리엠,후불)텔링크SK,박종열
S텔24988,열)(주)핸드폰마을,(주)핸드폰마을천호점,후불)텔링크SK,박종열
S텔25143,열)(주)핸드폰마을2,(주)핸드폰마을2,후불)텔링크SK,박종열
S텔24634,영)(주)현성네트워크(청주),(주)현성네트워크),후불)텔링크SK,원세영
S텔20948,구)010통신(문경),010통신,후불)텔링크SK,서승구
S텔21638,영)1백점만점,1백점만점,후불)텔링크SK,원세영
S텔21634,영)2백점만점(월계),2백점만점,후불)텔링크SK,원세영
S텔25330,구)365정보통신(영월),365정보통신,후불)텔링크SK,서승구
S텔21595,영)3백점만점,3백점만점,후불)텔링크SK,원세영
S텔22143,구)555텔레콤,555텔레콤,후불)텔링크SK,서승구
S텔20428,열)88컴퍼니(용인),88컴퍼니,후불)텔링크SK,박종열
S텔26320,수)가등(경산),가등,후불)텔링크SK,김성수
S텔16338,웅)가람모바일,가람모바일,후불)텔링크SK,정선웅
S텔20200,구)가람통신(화성),가람통신,후불)텔링크SK,서승구
S텔24602,민)비피엠통신(파주),비피엠 통신,후불)텔링크SK,김민준
S텔26064,민)가비텔레콤(부천),가비텔레콤,후불)텔링크SK,김민준
S텔24607,민)가온(개봉),가온,후불)텔링크SK,김민준
S텔21418,열)가온센텀(여수),휴대폰디지털프라자,후불)텔링크SK,박종열
S텔25779,웅)가온컴퍼니 주식회사(김해),가온컴퍼니 주식회사,후불)텔링크SK,정선웅
S텔20949,웅)가재울휴대폰,가재울휴대폰,후불)텔링크SK,정선웅
S텔24570,열)가족통신(용인),가족통신,후불)텔링크SK,박종열
S텔20618,열)가족통신(용인),가족통신,후불)텔링크SK,박종열
S텔22515,열)감자통신(김해),감자통신,후불)텔링크SK,박종열
S텔22988,열)강남엔젤폰,강남엔젤폰,후불)텔링크SK,박종열
S텔22168,영)강동텔레콤(강변TM),강동텔레콤,후불)텔링크SK,원세영
S텔24294,영)강아통신,강아통신,후불)텔링크SK,원세영
S텔26110,열)개금통신(부산),개금통신,후불)텔링크SK,박종열
S텔20956,구)갤럭시(진주),갤럭시,후불)텔링크SK,서승구
S텔16433,구)거창통신,거창통신,후불)텔링크SK,서승구
S텔20351,구)건강모바일(수유),건강모바일,후불)텔링크SK,서승구
S텔25813,열)겸손통신(광주),겸손통신,후불)텔링크SK,박종열
S텔22780,열)경동텔레콤,경동정보통신,후불)텔링크SK,박종열
S텔20498,수)경북정보통신(안동),경북 정보통신,후불)텔링크SK,김성수
S텔22127,영)경산중고폰거래소,경산중고폰거래소,후불)텔링크SK,원세영
S텔21787,열)고려(포항),고려,후불)텔링크SK,박종열
S텔21484,구)고려모바일(아산),고려모바일,후불)텔링크SK,서승구
S텔16247,웅)고릴라폰,의정부중고폰 핸드폰 선불폰 지하상가 고릴라폰,후불)텔링크SK,정선웅
S텔23352,수)고봉국제무역(용산),주식회사 고봉국제무역,후불)텔링크SK,김성수
S텔21800,수)고양폰(고양),고양폰,후불)텔링크SK,김성수
S텔21760,준)곡성텔레콤,곡성텔레콤,후불)텔링크SK,황병준
S텔15775,열)곤지암통신,곤지암통신,후불)텔링크SK,박종열
S텔19358,웅)골드텔레콤(수유),골드텔레콤 수유점,후불)텔링크SK,정선웅
S텔21773,영)골든벨,골든벨,후불)텔링크SK,원세영
S텔20884,영)공짜나라(김천),공짜나라,후불)텔링크SK,원세영
S텔23963,열)광교휴대폰성지모두의폰(수원),광교휴대폰성지 모두의폰,후불)텔링크SK,박종열
S텔22091,열)광주통신(광주),"광주통신,GG상사",후불)텔링크SK,박종열
S텔21680,열)광주폰카페,폰카페,후불)텔링크SK,박종열
S텔21621,수)광통신,광통신,후불)텔링크SK,김성수
S텔23895,열)광통신(여주),광통신,후불)텔링크SK,박종열
S텔21609,영)광희통신(속초),광희통신(고속터미널점),후불)텔링크SK,원세영
S텔16081,영)구구텔레콤(인천),구구텔레콤,후불)텔링크SK,원세영
S텔17283,열)구구폰(용인),구구폰,후불)텔링크SK,박종열
S텔21165,구)구백억(중곡동),구백억(중곡동),후불)텔링크SK,서승구
S텔22290,웅)구찌통신,구찌통신,후불)텔링크SK,정선웅
S텔25108,우)국대폰(어룡역점),휴대폰클리닉,후불)텔링크SK,김선우
S텔20858,우)국대폰(어룡역점),국대폰(어룡역점),후불)텔링크SK,김선우
S텔26090,우)국대폰(어룡역점),사랑으로,후불)텔링크SK,김선우
S텔26186,우)국대폰(어룡역점),에프티브로 핸드폰클리닉 구의점,후불)텔링크SK,김선우
S텔25789,우)국대폰(어룡역점),㈜여담,후불)텔링크SK,김선우
S텔16550,구)굿데이텔레콤,굿데이텔레콤,후불)텔링크SK,서승구
S텔16270,웅)굿모닝(외대점),굿모닝외대점,후불)텔링크SK,정선웅
S텔20074,열)굿모닝모바일(부산),굿모닝모바일2,후불)텔링크SK,박종열
S텔21368,구)굿모닝목4점,굿모닝 당산,후불)텔링크SK,서승구
S텔20170,수)굿모닝정보통신,굿모닝정보통신,후불)텔링크SK,김성수
S텔20556,구)그린모바일(부산),그린모바일,후불)텔링크SK,서승구
S텔22300,수)그린서비스센터(공주),공주 그린서비스센터,후불)텔링크SK,김성수
S텔22070,열)그린이동통신(대전),그린이동통신,후불)텔링크SK,박종열
S텔16396,웅)그린정보통신,그린정보통신,후불)텔링크SK,정선웅
S텔25114,수)글로벌모바일,글로벌모바일,후불)텔링크SK,김성수
S텔23439,영)글로벌시스템(안양),글로벌시스템,후불)텔링크SK,원세영
S텔21895,영)글로벌통신,글로벌통신,후불)텔링크SK,원세영
S텔23563,열)글로벌통신(오산),아프리카폰,후불)텔링크SK,박종열
S텔23704,열)글컴정보통신(용인),(주)글컴정보통신,후불)텔링크SK,박종열
S텔25606,열)금동통신(부산),금동통신,후불)텔링크SK,박종열
S텔18855,열)금복통신(광주),금복통신,후불)텔링크SK,박종열
S텔20846,수)금영미래통신(안산),금영미래통신,후불)텔링크SK,김성수
S텔21021,구)금이텔레콤(군산),금이텔레콤,후불)텔링크SK,서승구
S텔18599,영)금정모바일(부산동래),금정모바일,후불)텔링크SK,원세영
S텔17254,수)금촌폰,금촌폰,후불)텔링크SK,김성수
S텔17537,구)기준(전주시),기준(전주시),후불)텔링크SK,서승구
S텔17538,영)길상모바일,길상모바일,후불)텔링크SK,원세영
S텔20903,구)길통신(남원),길통신,후불)텔링크SK,서승구
S텔23985,웅)김밥모바일(영등포),김밥모바일,후불)텔링크SK,정선웅
S텔20648,수)김포아저씨,김포아저씨,후불)텔링크SK,김성수
S텔19098,수)까래통신(공주),까래통신,후불)텔링크SK,김성수
S텔23003,웅)꽁돈버는 머니폰(영천),꽁돈버는 머니폰,후불)텔링크SK,정선웅
S텔20154,수)꽃남통신(구의),꽃남통신,후불)텔링크SK,김성수
S텔21479,구)꿀통신(임실군),꿀통신,후불)텔링크SK,서승구
S텔24097,웅)끼우칭모바일,끼우칭모바일,후불)텔링크SK,정선웅
S텔23257,영)나누리통신(인천),(주)나누리통신,후불)텔링크SK,원세영
S텔24234,구)나라통신(고창),나라통신,후불)텔링크SK,서승구
S텔22757,웅)나라통신(안산),나라통신,후불)텔링크SK,정선웅
S텔20344,열)나래통신(대전),나래통신,후불)텔링크SK,박종열
S텔25079,수)나린텔레콤(고양),나린텔레콤,후불)텔링크SK,김성수
S텔20907,웅)나무커머스,나무커머스,후불)텔링크SK,정선웅
S텔20421,웅)나바인터내셔널,나바인터내셔널,후불)텔링크SK,정선웅
S텔23695,열)나인모바일(광주),나인모바일,후불)텔링크SK,박종열
S텔20607,구)나인모바일(안산),나인모바일,후불)텔링크SK,서승구
S텔17543,웅)낙원통신,낙원통신,후불)텔링크SK,정선웅
S텔25283,열)남부폰,남부폰,후불)텔링크SK,박종열
S텔16463,민)남서울정보통신,남서울정보통신(주),후불)텔링크SK,김민준
S텔22170,열)남양본가,휴대폰아울렛(남양본가),후불)텔링크SK,박종열
S텔25670,구)남원네이트대리점,남원네이트대리점,후불)텔링크SK,서승구
S텔25871,영)내포텔레콤(예산),내포텔레콤,후불)텔링크SK,원세영
S텔26449,구)내포텔레콤(홍성),내포텔레콤,후불)텔링크SK,서승구
S텔24341,수)넘버원,넘버원,후불)텔링크SK,김성수
S텔25952,민)네온통신(안산),네온통신,후불)텔링크SK,김민준
S텔20939,영)네이버정보통신(구미),네이버정보통신,후불)텔링크SK,원세영
S텔20987,수)네팔모바일(수원),네팔모바일,후불)텔링크SK,김성수
S텔19760,민)노마진모바일(인천),노마진모바일,후불)텔링크SK,김민준
S텔25550,영)누리컴퍼니,누리컴퍼니,후불)텔링크SK,원세영
S텔16320,웅)뉴디지털정보통신,뉴디지털정보통신,후불)텔링크SK,정선웅
S텔20898,우)뉴서울정보통신,뉴서울정보통신,후불)텔링크SK,김선우
S텔20165,수)뉴아마존(안산),뉴아마존,후불)텔링크SK,김성수
S텔16468,웅)뉴야탑통신,뉴야탑통신,후불)텔링크SK,정선웅
S텔22042,수)뉴엔탑통신(동인천),뉴엔탑통신,후불)텔링크SK,김성수
S텔20716,영)뉴코아텔레콤(이천),뉴코아텔레콤2,후불)텔링크SK,원세영
S텔20171,영)뉴폰(오산),뉴폰,후불)텔링크SK,원세영
S텔21855,수)닉카컴퍼니(마석),닉카컴퍼니(NIKA Company),후불)텔링크SK,김성수
S텔23576,열)다모아통신(해남),다모아통신,후불)텔링크SK,박종열
S텔24412,웅)다바다(조치원),다바다,후불)텔링크SK,정선웅
S텔20425,웅)다산텔레콤,다산텔레콤,후불)텔링크SK,정선웅
S텔21885,수)다산통신,다산통신,후불)텔링크SK,김성수
S텔21868,수)다연통신(하남),다연통신,후불)텔링크SK,김성수
S텔21358,웅)다예통신,휴대폰할인매장,후불)텔링크SK,정선웅
S텔22176,영)다온모바일(위례),다온모바일(위례),후불)텔링크SK,원세영
S텔25679,열)다온모바일(하남),다온모바일,후불)텔링크SK,박종열
S텔20842,구)다온정보통신,다온정보통신,후불)텔링크SK,서승구
S텔20702,웅)다온텔레콤,다온텔레콤,후불)텔링크SK,정선웅
S텔20860,수)다온통신(진접),다온통신,후불)텔링크SK,김성수
S텔22374,수)다올텔레콤(왕십리),다올텔레콤,후불)텔링크SK,김성수
S텔24221,민)아프리카중고폰(광명),아프리카중고폰 광명일직지사,후불)텔링크SK,김민준
S텔22165,구)다움(태안),다움,후불)텔링크SK,서승구
S텔16496,영)다원텔레콤(용인),다원텔레콤,후불)텔링크SK,원세영
S텔16430,열)다원통신(평택),다원통신,후불)텔링크SK,박종열
S텔16203,영)다원TC장안,다원TC장안,후불)텔링크SK,원세영
S텔25196,준)다윗모바일(인천),다윗모바일,후불)텔링크SK,황병준
S텔23976,민)다음통신(광명),다음통신,후불)텔링크SK,김민준
S텔20139,영)다이아(전주),다이아,후불)텔링크SK,원세영
S텔24582,열)다인정보(광주),다인정보,후불)텔링크SK,박종열
S텔16482,구)다인통신,다인통신,후불)텔링크SK,서승구
S텔23994,수)다정모바일(호평),다정모바일,후불)텔링크SK,김성수
S텔26446,영)다존텔레콤(상일),다존텔레콤,후불)텔링크SK,원세영
S텔20912,수)닥터폰(운천),닥터폰 인하텔레콤,후불)텔링크SK,김성수
S텔22742,열)단군통신(화성),우정통신,후불)텔링크SK,박종열
S텔21780,영)단대오거리통신,단대오거리통신,후불)텔링크SK,원세영
S텔22931,웅)단무지(선한텔레콤),선한모바일,후불)텔링크SK,정선웅
S텔23180,영)단비2호점,단비2호점,후불)텔링크SK,원세영
S텔23461,열)단해텔레콤(인천),단해텔레콤,후불)텔링크SK,박종열
S텔20947,웅)달빛,달빛,후불)텔링크SK,정선웅
S텔24405,영)담현컴퍼니(대구),주식회사 담현컴퍼니,후불)텔링크SK,원세영
S텔23558,영)담현컴퍼니(대구),디앤에스,후불)텔링크SK,원세영
S텔18476,영)담현컴퍼니(대구),스카이K1,후불)텔링크SK,원세영
S텔25957,영)담현컴퍼니(대구),이덴통신,후불)텔링크SK,원세영
S텔26371,영)담현컴퍼니(대구),개소리,후불)텔링크SK,원세영
S텔25033,구)당정모바일(군포),당정모바일,후불)텔링크SK,서승구
S텔20843,수)대감텔레콤(미아),대감텔레콤,후불)텔링크SK,김성수
S텔19637,열)대도모바일2호점,대도모바일2호점,후불)텔링크SK,박종열
S텔19398,민)대명정보통신,대명정보통신,후불)텔링크SK,김민준
S텔22985,열)대명폰(오산),대명폰,후불)텔링크SK,박종열
S텔22994,열)대명폰2호점(오산),대명폰 2호점,후불)텔링크SK,박종열
S텔19722,열)대명폰3호점(오산),대명폰 3호점,후불)텔링크SK,박종열
S텔25740,열)대박모바일(김포),대박모바일,후불)텔링크SK,박종열
S텔21211,구)대박텔레콤(장안동),대박텔레콤(장안동),후불)텔링크SK,서승구
S텔20991,영)대박통신(감일),대박통신 감일점,후불)텔링크SK,원세영
S텔20645,웅)대박통신(덕풍동),대박통신,후불)텔링크SK,정선웅
S텔26224,열)대박통신(송산),대박통신(송산점),후불)텔링크SK,박종열
S텔21524,웅)대박통신(수원),대박,후불)텔링크SK,정선웅
S텔20362,민)대박통신(시흥),대박통신,후불)텔링크SK,김민준
S텔24343,수)대박통신(자양),대박통신 자양,후불)텔링크SK,김성수
S텔22211,열)대박통신(조암),대박통신,후불)텔링크SK,박종열
S텔21443,열)대박통신(화성),대박통신(행정점),후불)텔링크SK,박종열
S텔21637,수)대박MK텔레콤(둔촌),대박MK텔레콤,후불)텔링크SK,김성수
S텔21751,열)대상정보,대상정보통신,후불)텔링크SK,박종열
S텔22206,수)대상텔레콤,대상텔레콤,후불)텔링크SK,김성수
S텔25190,열)대성아이티(강동),대성아이티(강동),후불)텔링크SK,박종열
S텔20913,수)대우통신(일동),대우통신,후불)텔링크SK,김성수
S텔24503,열)대전모바일,대전모바일,후불)텔링크SK,박종열
S텔20153,수)대정씨앤씨(왕십리),대정씨앤씨,후불)텔링크SK,김성수
S텔23948,수)대한텔레콤(답십리),대한텔레콤,후불)텔링크SK,김성수
S텔22233,수)대한통신(의정부),대한통신,후불)텔링크SK,김성수
S텔20856,영)대호정보통신,대호정보통신,후불)텔링크SK,원세영
S텔21844,영)더굿컴퍼니,더굿컴퍼니,후불)텔링크SK,원세영
S텔21654,영)더굿컴퍼니,수진텔레콤,후불)텔링크SK,원세영
S텔20142,구)더더,주식회사 더더컴퍼니,후불)텔링크SK,서승구
S텔21704,구)더모스트,더모스트모바일,후불)텔링크SK,서승구
S텔25018,민)더본모바일,더본모바일,후불)텔링크SK,김민준
S텔16625,민)더본모바일,더본모바일,후불)텔링크SK,김민준
S텔16602,열)더블와이컴퍼니(중곡동),더블와이컴퍼니(중곡),후불)텔링크SK,박종열
S텔25874,열)더블유비컴퍼니,더블유비컴퍼니,후불)텔링크SK,박종열
S텔21753,구)더블케이대박통신,더블케이대박통신,후불)텔링크SK,서승구
S텔16216,우)더원네트웍스,더원네트웍스,후불)텔링크SK,김선우
S텔24659,수)더줌텔레콤(천안),더줌텔레콤,후불)텔링크SK,김성수
S텔22085,구)더컴퍼니(고양),더컴퍼니,후불)텔링크SK,서승구
S텔24279,구)더컴퍼니(행신점),더컴퍼니 행신점,후불)텔링크SK,서승구
S텔22159,웅)더플레이,더플레이,후불)텔링크SK,정선웅
S텔21645,준)덕계리통신(양주),덕계리통신,후불)텔링크SK,황병준
S텔22028,수)덕소루,ROO정보통신,후불)텔링크SK,김성수
S텔25132,준)덤플,주식회사파인제이솔루션,후불)텔링크SK,황병준
S텔21545,준)덤플,삼낭모바일,후불)텔링크SK,황병준
S텔22592,열)데오통신(부산),데오통신,후불)텔링크SK,박종열
S텔23810,웅)도경글로벌,도경글로벌,후불)텔링크SK,정선웅
S텔24654,웅)도매시장(옥천),도매시장,후불)텔링크SK,정선웅
S텔21819,열)도매폰(광주),도매폰,후불)텔링크SK,박종열
S텔22082,열)도매폰(광주오포),도매폰 광주점,후불)텔링크SK,박종열
S텔22075,수)도매폰(다산),도매폰,후불)텔링크SK,김성수
S텔20155,수)도매폰(미아),도매폰,후불)텔링크SK,김성수
S텔21824,열)도매폰(수원),도매폰,후불)텔링크SK,박종열
S텔20164,수)도매폰(의정부),도매폰 의정부,후불)텔링크SK,김성수
S텔19720,민)도매폰2010(평택),도매폰 2010,후불)텔링크SK,김민준
S텔25559,영)독도텔레콤(암사),독도텔레콤,후불)텔링크SK,원세영
S텔23710,영)독도폰(경주),독도폰,후불)텔링크SK,원세영
S텔16522,웅)돌고래통신,돌고래통신,후불)텔링크SK,정선웅
S텔24074,영)돌고래통신(쌍문점),더티진,후불)텔링크SK,원세영
S텔22226,수)돌다리텔레콤(구리),돌다리텔레콤,후불)텔링크SK,김성수
S텔20794,웅)동대문모바일,동대문텔레콤,후불)텔링크SK,정선웅
S텔20278,웅)동부나이스드림,나이스드림,후불)텔링크SK,정선웅
S텔21662,영)동이(송파),동이,후불)텔링크SK,원세영
S텔21820,열)동탄2일등폰,동탄2일등폰,후불)텔링크SK,박종열
S텔20576,준)동탄호수공원,도매통신 산척점,후불)텔링크SK,황병준
S텔17759,민)돼지텔레콤(당진),돼지텔레콤,후불)텔링크SK,김민준
S텔24232,수)두리서(마석),두리서 창현점,후불)텔링크SK,김성수
S텔21675,수)두리텔레콤(동작),두리텔레콤,후불)텔링크SK,김성수
S텔16032,수)두용모바일(용문),두용모바일,후불)텔링크SK,김성수
S텔21068,민)두청년,두청년3,후불)텔링크SK,김민준
S텔20145,민)두청년,두청년2,후불)텔링크SK,김민준
S텔20141,민)두청년,두청년,후불)텔링크SK,김민준
S텔16341,웅)두폰,두폰,후불)텔링크SK,정선웅
S텔21840,민)드림(부평),드림,후불)텔링크SK,김민준
S텔23328,열)드림모바일(광주),드림모바일,후불)텔링크SK,박종열
S텔25423,영)드림모바일(마산),드림모바일,후불)텔링크SK,원세영
S텔15970,영)드림온정보통신,드림온정보통신,후불)텔링크SK,원세영
S텔24993,구)드림텔레콤(번동),드림텔레콤,후불)텔링크SK,서승구
S텔22200,영)드림텔레콤(안산),드림텔레콤,후불)텔링크SK,원세영
S텔21617,열)드림텔레콤(원주),드림텔레콤,후불)텔링크SK,박종열
S텔16512,구)드림통신(구로),드림통신,후불)텔링크SK,서승구
S텔23639,구)드림통신(전주),드림통신,후불)텔링크SK,서승구
S텔25361,열)든든모바일(안산),든든모바일,후불)텔링크SK,박종열
S텔24242,영)디비통신(동백점),디비통신,후불)텔링크SK,원세영
S텔22167,영)디비통신(용인),디비통신(용인),후불)텔링크SK,원세영
S텔21733,준)디에스(을지로),주식회사 디에스통신 을지로점,후불)텔링크SK,황병준
S텔21732,준)디에스(을지로),유니온모바일,후불)텔링크SK,황병준
S텔21646,준)디에스(을지로),(주)디에스통신,후불)텔링크SK,황병준
S텔20457,준)디에스(을지로),제이제이 모바일,후불)텔링크SK,황병준
S텔21955,수)디에스모바일(별내),디에스(DS)모바일,후불)텔링크SK,김성수
S텔21594,열)디에스솔루션(수원),디에스솔류션,후불)텔링크SK,박종열
S텔21383,영)디에스컴퍼니(대전),디에스컴퍼니,후불)텔링크SK,원세영
S텔21856,영)디제이모바일,디제이모바일,후불)텔링크SK,원세영
S텔20172,영)디지싸본점,디지싸본점,후불)텔링크SK,원세영
S텔22412,열)디피알(성남),디피알,후불)텔링크SK,박종열
S텔23911,수)딩동댕이동통신,딩동댕이동통신,후불)텔링크SK,김성수
S텔22248,웅)딩딩모바일,딩딩모바일,후불)텔링크SK,정선웅
S텔23901,영)따베르나(용인),따베르나,후불)텔링크SK,원세영
S텔24079,구)따봉통신(김제),따봉통신,후불)텔링크SK,서승구
S텔23658,수)딸랑이통신,딸랑이통신,후불)텔링크SK,김성수
S텔21877,영)딸부자통신(원주),딸부자통신(원주),후불)텔링크SK,원세영
S텔25393,구)땅폰젤미점(김해),땅폰젤미점,후불)텔링크SK,서승구
S텔24793,구)땡큐모바일(홍제),땡큐모바일,후불)텔링크SK,서승구
S텔22644,영)똥개텔레콤(부평),똥개텔레콤,후불)텔링크SK,원세영
S텔16269,영)뚜뚜통신,뚜뚜통신,후불)텔링크SK,원세영
S텔23608,구)라나컴퓨터,라나컴퓨터,후불)텔링크SK,서승구
S텔22915,구)라니통신(정읍),라니통신,후불)텔링크SK,서승구
S텔23062,수)라라네트웍스(의정부),라라네트웍스,후불)텔링크SK,김성수
S텔25062,수)라라모바일(노원),라라모바일,후불)텔링크SK,김성수
S텔22083,영)라라통신(수원),라라통신,후불)텔링크SK,원세영
S텔21811,구)라베니체폰,라베니체폰,후불)텔링크SK,서승구
S텔26168,민)라온모바일(파주),라온모바일,후불)텔링크SK,김민준
S텔21202,수)라임통신(관악),라임통신,후불)텔링크SK,김성수
S텔24508,구)라피크모바일(중곡),라피크모바일,후불)텔링크SK,서승구
S텔25648,준)람경통신,람경통신 국민대점,후불)텔링크SK,황병준
S텔25617,준)람경통신,람경통신 한양대점,후불)텔링크SK,황병준
S텔25425,준)람경통신,람경통신 청주대,후불)텔링크SK,황병준
S텔24372,준)람경통신,람경통신 유한회사,후불)텔링크SK,황병준
S텔21930,준)람경통신,제이원통신,후불)텔링크SK,황병준
S텔21925,준)람경통신,에스원자파,후불)텔링크SK,황병준
S텔21371,준)람경통신,케이원텔5호점,후불)텔링크SK,황병준
S텔22878,준)랍스마트폰,랍스마트폰,후불)텔링크SK,황병준
S텔23096,열)러브모바일(대전),러브모바일(갈마점),후불)텔링크SK,박종열
S텔20219,준)러화국제,러화국제주식회사,후불)텔링크SK,황병준
S텔23465,구)럭키정보통신,㈜럭키정보통신천천중앙지점,후불)텔링크SK,서승구
S텔20904,구)럭키정보통신,주식회사제이제이텔레콤,후불)텔링크SK,서승구
S텔16404,구)럭키정보통신,(주)럭키정보통신,후불)텔링크SK,서승구
S텔24165,영)레드모바일,원텔레콤,후불)텔링크SK,원세영
S텔23487,영)레드모바일,준텔레콤,후불)텔링크SK,원세영
S텔23434,영)레드모바일,훈텔레콤,후불)텔링크SK,원세영
S텔22069,영)레드모바일,(주)레드,후불)텔링크SK,원세영
S텔21993,영)레드모바일,길동텔레콤,후불)텔링크SK,원세영
S텔17507,영)레드모바일,(주)둥이종합조경,후불)텔링크SK,원세영
S텔24388,영)레드모바일(안동),서울 동장구일석,후불)텔링크SK,원세영
S텔20418,준)레전드,레전드모바일3호점,후불)텔링크SK,황병준
S텔20404,준)레전드,축복모바일,후불)텔링크SK,황병준
S텔20402,준)레전드,일등 통신,후불)텔링크SK,황병준
S텔20399,준)레전드,미사역휴대폰,후불)텔링크SK,황병준
S텔20819,수)렐레(창동),렐레,후불)텔링크SK,김성수
S텔26333,수)로그인텔레콤(동두천),로그인텔레콤,후불)텔링크SK,김성수
S텔21770,열)로또텔레콤(고척),로또텔레콤,후불)텔링크SK,박종열
S텔20579,수)로원텔레콤(의정부),로원텔레콤,후불)텔링크SK,김성수
S텔20161,수)루시(길동),루시텔레콤,후불)텔링크SK,김성수
S텔20151,수)루아모바일(장현),루아모바일,후불)텔링크SK,김성수
S텔21439,수)루키텔레콤(수진),루키텔레콤,후불)텔링크SK,김성수
S텔26020,수)루하이모바일(청평),루하이모바일,후불)텔링크SK,김성수
S텔20701,열)리더스텔레콤(교대점),리더스텔레콤 교대점,후불)텔링크SK,박종열
S텔23910,웅)리더정보통신(청주),휴대폰하우스,후불)텔링크SK,정선웅
S텔19602,열)리사모바일(광주),리사모바일,후불)텔링크SK,박종열
S텔21030,민)리아,리아,후불)텔링크SK,김민준
S텔20918,수)리치모바일(동대문),리치모바일,후불)텔링크SK,김성수
S텔24612,열)리프로젝트솔루션(창원),리프로젝트솔루션,후불)텔링크SK,박종열
S텔24616,열)마루모바일(경주),마루모바일,후불)텔링크SK,박종열
S텔21093,수)마루텔레콤(왕십리),마루텔레콤,후불)텔링크SK,김성수
S텔22493,영)마마통신,마마통신,후불)텔링크SK,원세영
S텔21498,구)마모텔레콤(용산),마모텔레콤,후불)텔링크SK,서승구
S텔17815,열)마이모바일(중랑),마이모바일,후불)텔링크SK,박종열
S텔20227,영)마이통신(고대점),마이통신,후불)텔링크SK,원세영
S텔16352,웅)마카롱통신,마카롱통신,후불)텔링크SK,정선웅
S텔20349,영)만월,만월,후불)텔링크SK,원세영
S텔17322,수)만평통신(대구),만평통신,후불)텔링크SK,김성수
S텔21505,민)매니아MNC,매니아M&C,후불)텔링크SK,김민준
S텔22043,영)매직정보,매직정보,후불)텔링크SK,원세영
S텔20603,열)맥스컴퍼니(동탄),맥스컴퍼니,후불)텔링크SK,박종열
S텔20692,수)맨앤텔(테크노마트),맨앤텔 ㈜,후불)텔링크SK,김성수
S텔20908,영)머천드코리아(마포),머천드코리아,후불)텔링크SK,원세영
S텔21896,구)멀티샵(부안),멀티샵,후불)텔링크SK,서승구
S텔22011,수)메가정보통신(동대문),메가정보통신,후불)텔링크SK,김성수
S텔22741,구)메리통신3호점(성남),메리통신 3호점,후불)텔링크SK,서승구
S텔17070,구)명선통신,명선통신,후불)텔링크SK,서승구
S텔16454,구)명성대박,명성대박통신,후불)텔링크SK,서승구
S텔19425,수)명성텔레콤(은평),명성텔레콤,후불)텔링크SK,김성수
S텔20916,열)명진정보통신(광주),명진정보통신,후불)텔링크SK,박종열
S텔24158,영)명텔레콤,명텔레콤,후불)텔링크SK,원세영
S텔23006,영)모두다,모두다,후불)텔링크SK,원세영
S텔22685,열)모두의폰(성남),휴대폰성지모두의폰,후불)텔링크SK,박종열
S텔24244,웅)모두통신(수원),모두통신,후불)텔링크SK,정선웅
S텔21744,웅)모람통신,모람통신,후불)텔링크SK,정선웅
S텔22811,열)모바일라운지(용인),모바일라운지,후불)텔링크SK,박종열
S텔21922,수)모바일랜드(고산),모바일랜드,후불)텔링크SK,김성수
S텔24311,수)모바일랜드(이천),모바일랜드,후불)텔링크SK,김성수
S텔17327,열)모바일박스(광주),모바일박스,후불)텔링크SK,박종열
S텔20519,영)모바일샵(제천),모바일샵,후불)텔링크SK,원세영
S텔20487,열)모바일스퀘어(대전),모바일스퀘어,후불)텔링크SK,박종열
S텔21600,웅)모바일스토어(청주),별텔레콤,후불)텔링크SK,정선웅
S텔21064,수)모바일제이,모바일제이 능곡점,후불)텔링크SK,김성수
S텔24763,수)모바일카페 퇴계원,모바일카폐(경성통신 본점),후불)텔링크SK,김성수
S텔22752,구)모바일패밀리(의정부),모바일패밀리(의정부),후불)텔링크SK,서승구
S텔20357,웅)모바일팩토리(수택),수택동모바일팩토리,후불)텔링크SK,정선웅
S텔21985,열)모바일팩토리(천안),모바일팩토리,후불)텔링크SK,박종열
S텔21795,구)모바일팩토리(호평),호평모바일팩토리,후불)텔링크SK,서승구
S텔16369,웅)모바일폰컴퍼니,모바일폰컴퍼니,후불)텔링크SK,정선웅
S텔21883,구)모비(연수구),모비(MOBI),후불)텔링크SK,서승구
S텔20433,웅)모빌랜드,모빌랜드,후불)텔링크SK,정선웅
S텔19757,영)모퉁이,모퉁이(부평),후불)텔링크SK,원세영
S텔16210,영)모현통신,모현통신,후불)텔링크SK,원세영
S텔25921,민)목감미래통신,목감미래통신,후불)텔링크SK,김민준
S텔21727,열)몬스터폰(성남),몬스터폰야탑점알뜰폰선불폰개통,후불)텔링크SK,박종열
S텔21740,웅)몬텔,주식회사 몬텔,후불)텔링크SK,정선웅
S텔24188,구)몽(울산),몽,후불)텔링크SK,서승구
S텔20988,열)무지개컴퍼니(고양),무지개컴퍼니,후불)텔링크SK,박종열
S텔21077,열)무지개컴퍼니(파주),무지개컴퍼니,후불)텔링크SK,박종열
S텔22385,열)문텔레콤(행신),문텔레콤(행신),후불)텔링크SK,박종열
S텔24981,구)미나통신(구미),미나통신,후불)텔링크SK,서승구
S텔16398,웅)미니텔레콤,미니텔레콤,후불)텔링크SK,정선웅
S텔24348,영)미래정보통신,미래정보통신,후불)텔링크SK,원세영
S텔16505,구)미르통신(동해),미르통신,후불)텔링크SK,서승구
S텔24080,구)미르통신(부안),미르통신,후불)텔링크SK,서승구
S텔20298,우)미소모바일,미소모바일,후불)텔링크SK,김선우
S텔16580,구)미소모바일(남동구),미소모바일,후불)텔링크SK,서승구
S텔21879,수)미소모바일(미사),미소모바일,후불)텔링크SK,김성수
S텔23084,구)거북텔레콤(남촌동),거북텔레콤,후불)텔링크SK,서승구
S텔21871,구)미소텔레콤(속초시),미소텔레콤,후불)텔링크SK,서승구
S텔21926,수)미소통신(삼양),미소통신 강북,후불)텔링크SK,김성수
S텔16601,구)미소통신(상계),미소통신,후불)텔링크SK,서승구
S텔21661,구)미소통신(중계),미소통신(중계),후불)텔링크SK,서승구
S텔23782,구)미소통신(회기),미소통신-회기,후불)텔링크SK,서승구
S텔21994,구)미스터모바일,미스터모바일,후불)텔링크SK,서승구
S텔20150,수)미스터모바일(상계),미스터모바일,후불)텔링크SK,김성수
S텔24300,구)미스터심폰(김제),미스터심폰,후불)텔링크SK,서승구
S텔21833,민)미카엘통신/M,미카엘통신,후불)텔링크SK,김민준
S텔24560,구)민정커뮤니케이션(구의),민정커뮤니케이션,후불)텔링크SK,서승구
S텔21550,우)민주모바일,민주모바일,후불)텔링크SK,김선우
S텔20272,구)민지정보통신(안양),민지정보통신,후불)텔링크SK,서승구
S텔22001,구)민텔레콤,민텔레콤,후불)텔링크SK,서승구
S텔26380,영)민텔레콤(제천),민텔레콤,후불)텔링크SK,원세영
S텔21622,영)민호통신(대구),민호통신,후불)텔링크SK,원세영
S텔16466,웅)믿음모바일,믿음모바일,후불)텔링크SK,정선웅
S텔21399,수)밀레니엄컴퓨터 광릉내,밀레니엄C&P,후불)텔링크SK,김성수
S텔19576,수)밀레니엄컴퓨터(송우리),밀레니엄 컴퓨터,후불)텔링크SK,김성수
S텔20979,수)밀레니엄컴퓨터(향남),밀레니엄컴퓨터,후불)텔링크SK,김성수
S텔22281,수)밍탕무역(용산),밍탕무역,후불)텔링크SK,김성수
S텔20236,영)바나나모바일(진접),바나나모바일(진접점),후불)텔링크SK,원세영
S텔23196,영)바나나모바일(호평),바나나모바일,후불)텔링크SK,원세영
S텔16206,웅)바른(자양),자양바른,후불)텔링크SK,정선웅
S텔21361,영)온누리통신,바른모바일,후불)텔링크SK,원세영
S텔16481,열)바른모바일(성남),바른모바일,후불)텔링크SK,박종열
S텔21235,영)바른텔레콤(부평),바른텔레콤,후불)텔링크SK,원세영
S텔23933,영)바른텔레콤(은평),바른텔레콤 은평,후불)텔링크SK,원세영
S텔20314,영)바른통신(음성),바른통신,후불)텔링크SK,원세영
S텔21649,수)바른통신(지금),바른통신 지금점,후불)텔링크SK,김성수
S텔20567,수)바인(월계),바인텔레콤,후불)텔링크SK,김성수
S텔21842,구)박강컴퍼니,박강컴퍼니,후불)텔링크SK,서승구
S텔24917,구)박군통신(고양),박군통신,후불)텔링크SK,서승구
S텔21134,구)박상욱모바일,박상욱모바일,후불)텔링크SK,서승구
S텔22006,수)박카스텔레콤(왕십리),폰아울렛 박카스텔레콤,후불)텔링크SK,김성수
S텔23674,열)반달통신(진주),반달통신,후불)텔링크SK,박종열
S텔23993,수)반히에우모바일,반히에우모바일,후불)텔링크SK,김성수
S텔24005,영)발아현미휴대폰,발아현미휴대폰,후불)텔링크SK,원세영
S텔21278,영)배가네(판교),테라통신,후불)텔링크SK,원세영
S텔21266,영)배가네(합정),휴대폰맛집,후불)텔링크SK,원세영
S텔21801,민)백곰모바일,백곰모바일,후불)텔링크SK,김민준
S텔24432,수)백마폰,백마폰폰,후불)텔링크SK,김성수
S텔20148,수)백마폰(일산),백마폰,후불)텔링크SK,김성수
S텔16523,구)백제통신,백제통신,후불)텔링크SK,서승구
S텔24253,열)버스폰(광주),버스폰,후불)텔링크SK,박종열
S텔22195,수)범경(별내),범경,후불)텔링크SK,김성수
S텔19164,영)범이통신(세종),범이통신(세종),후불)텔링크SK,원세영
S텔22416,영)범텔레콤,범텔레콤,후불)텔링크SK,원세영
S텔20759,구)베스트모바일(천안),베스트모바일(천안),후불)텔링크SK,서승구
S텔20228,영)베스트텔레콤(춘천),베스트 텔레콤,후불)텔링크SK,원세영
S텔25091,열)베스트통신(화성),베스트통신,후불)텔링크SK,박종열
S텔22519,구)벳폰(안산),벳폰,후불)텔링크SK,서승구
S텔24292,열)벼리정보통신(화순),벼리정보통신,후불)텔링크SK,박종열
S텔24504,수)별통신(홍천),별통신,후불)텔링크SK,김성수
S텔25794,구)별해모바일 성성점(천안),별해모바일 성성점,후불)텔링크SK,서승구
S텔22307,영)보경텔레콤(평택),보경텔레콤,후불)텔링크SK,원세영
S텔21904,수)보담모바일(양평),보담모바일,후불)텔링크SK,김성수
S텔24101,수)보람모바일(가정),보람모바일,후불)텔링크SK,김성수
S텔24191,열)보배통신(광주),보배통신,후불)텔링크SK,박종열
S텔21334,영)보성정보통신,보성정보통신,후불)텔링크SK,원세영
S텔24566,웅)보스,(주)보스그룹 중국거리점,후불)텔링크SK,정선웅
S텔24420,웅)보스,(주)보스그룹 충남대점,후불)텔링크SK,정선웅
S텔24181,웅)보스,(주)보스그룹 아산점,후불)텔링크SK,정선웅
S텔24174,웅)보스,(주)보스그룹 상명대점,후불)텔링크SK,정선웅
S텔22706,웅)보스,보스그룹 동서대점,후불)텔링크SK,정선웅
S텔22705,웅)보스,보스그룹 대구대점,후불)텔링크SK,정선웅
S텔22436,웅)보스,보스그룹 서울성균관대점,후불)텔링크SK,정선웅
S텔22435,웅)보스,보스그룹 군산대점,후불)텔링크SK,정선웅
S텔22434,웅)보스,보스그룹 에이치스토어 영남대점,후불)텔링크SK,정선웅
S텔22433,웅)보스,보스그룹 부산대학점,후불)텔링크SK,정선웅
S텔22432,웅)보스,보스그룹 용인단국대점,후불)텔링크SK,정선웅
S텔22431,웅)보스,보스그룹사무실,후불)텔링크SK,정선웅
S텔22430,웅)보스,보스그룹 서울중앙대점,후불)텔링크SK,정선웅
S텔22429,웅)보스,보스그룹 안성중앙대점,후불)텔링크SK,정선웅
S텔22428,웅)보스,보스그룹 서울경희대점,후불)텔링크SK,정선웅
S텔22427,웅)보스,보스그룹 안산 한양대점,후불)텔링크SK,정선웅
S텔22426,웅)보스,보스그룹 논산지점,후불)텔링크SK,정선웅
S텔21321,웅)보스,(주) 보스그룹 대구점,후불)텔링크SK,정선웅
S텔21320,웅)보스,(주) 보스그룹 청주점,후불)텔링크SK,정선웅
S텔21319,웅)보스,(주)보스그룹 신창점,후불)텔링크SK,정선웅
S텔21318,웅)보스,(주) 보스그룹 계명대점,후불)텔링크SK,정선웅
S텔21317,웅)보스,(주)보스그룹 경산점,후불)텔링크SK,정선웅
S텔21316,웅)보스,(주) 보스그룹 대전우송대점,후불)텔링크SK,정선웅
S텔21315,웅)보스,(주) 보스그룹 전남대점,후불)텔링크SK,정선웅
S텔21314,웅)보스,(주) 보스그룹 완주우석대점,후불)텔링크SK,정선웅
S텔21313,웅)보스,(주)보스그룹 서울건대점,후불)텔링크SK,정선웅
S텔21312,웅)보스,(주)보스그룹 수원경희대점,후불)텔링크SK,정선웅
S텔21311,웅)보스,(주) 보스그룹 광주점,후불)텔링크SK,정선웅
S텔21310,웅)보스,(주)보스그룹 부산점,후불)텔링크SK,정선웅
S텔21309,웅)보스,(주) 보스그룹 인하대점,후불)텔링크SK,정선웅
S텔21308,웅)보스,(주) 보스그룹 전주2호점,후불)텔링크SK,정선웅
S텔21307,웅)보스,(주) 보스그룹 청주대점,후불)텔링크SK,정선웅
S텔21306,웅)보스,(주) 보스그룹 전북대점,후불)텔링크SK,정선웅
S텔20442,웅)보스,(주)보스그룹 서울고대점,후불)텔링크SK,정선웅
S텔20441,웅)보스,(주) 보스그룹,후불)텔링크SK,정선웅
S텔20405,웅)보스,(주) 보스그룹 서울신촌점,후불)텔링크SK,정선웅
S텔26140,웅)보스,(주)보스그룹 천안아산지점,후불)텔링크SK,정선웅
S텔16349,웅)봄봄(번동),봄봄,후불)텔링크SK,정선웅
S텔22308,영)봄정보통신,봄정보통신,후불)텔링크SK,원세영
S텔20505,영)부산사상모바일(부산사상),부산사상모바일(NGOC MEN MOBILE),후불)텔링크SK,원세영
S텔22751,열)부산휴대폰성지폰甲(갑)알람폰개금점,부산휴대폰성지폰甲(갑)알람폰개금점,후불)텔링크SK,박종열
S텔16570,구)부자텔레콤,부자텔레콤,후불)텔링크SK,서승구
S텔20322,수)불티나통신(안동),불티나통신,후불)텔링크SK,김성수
S텔17348,준)뷔통신(대전),뷔통신,후불)텔링크SK,황병준
S텔25884,준)브라더,휴대폰성지천하통일신대방점,후불)텔링크SK,황병준
S텔24329,준)브라더,제이텔레콤,후불)텔링크SK,황병준
S텔22996,준)브라더,주식회사윈윈커뮤니티,후불)텔링크SK,황병준
S텔22984,준)브라더,대성모바일,후불)텔링크SK,황병준
S텔22928,준)브라더,승승장구,후불)텔링크SK,황병준
S텔22927,준)브라더,영원통신,후불)텔링크SK,황병준
S텔22926,준)브라더,투게더통신,후불)텔링크SK,황병준
S텔22918,준)브라더,씨스타모바일,후불)텔링크SK,황병준
S텔22917,준)브라더,해피텔레콤,후불)텔링크SK,황병준
S텔22916,준)브라더,휴대폰천하통일,후불)텔링크SK,황병준
S텔22911,준)브라더,판다모바일,후불)텔링크SK,황병준
S텔21200,준)브라더,진심모바일,후불)텔링크SK,황병준
S텔20339,준)브라더,상승모바일7호점,후불)텔링크SK,황병준
S텔20289,준)브라더,휴대폰천하통일 구일점,후불)텔링크SK,황병준
S텔20147,준)브라더,제이(J)라스트모바일,후불)텔링크SK,황병준
S텔20326,열)브이아이피텔레콤(제천),브이아이피(VIP)텔레콤,후불)텔링크SK,박종열
S텔21867,수)브이텀(다산),주식회사 브이텀,후불)텔링크SK,김성수
S텔21866,수)브이텀(다산),성지폰 미사점,후불)텔링크SK,김성수
S텔26386,수)브이테크정보통신(산본),브이테크정보통신,후불)텔링크SK,김성수
S텔21781,웅)블랙퀸,블랙퀸,후불)텔링크SK,정선웅
S텔24231,수)비디모바일(건대),주식회사 비디모바일,후불)텔링크SK,김성수
S텔24366,수)비알텔레콤(병점),비알텔레콤,후불)텔링크SK,김성수
S텔20246,영)비엔모바일(부평),비엔모바일(VA MOBILE),후불)텔링크SK,원세영
S텔20935,우)비엔통신,비엔통신,후불)텔링크SK,김선우
S텔16235,우)비젼텔레콤(중곡),비젼텔레콤,후불)텔링크SK,김선우
S텔16234,우)비젼플러스,비젼텔레콤,후불)텔링크SK,김선우
S텔21096,수)비타민텔레콤(청라),비타민텔레콤,후불)텔링크SK,김성수
S텔21724,영)비티모바일(화성),비티모바일,후불)텔링크SK,원세영
S텔25491,영)빅게임(미사점),빅게임텔레콤 하남점,후불)텔링크SK,원세영
S텔23555,영)빅게임(미사점),빅게임텔레콤,후불)텔링크SK,원세영
S텔23554,영)빅게임(미사점),빅게임텔레콤,후불)텔링크SK,원세영
S텔20890,웅)빈모바일,빈모바일,후불)텔링크SK,정선웅
S텔25195,수)빈빈(건대),빈빈,후불)텔링크SK,김성수
S텔22277,열)빈텔레콤(송파),빈텔레콤,후불)텔링크SK,박종열
S텔25525,열)뽀로로모바일(인천),뽀로로모바일,후불)텔링크SK,박종열
S텔22661,열)뽀로로모바일2호점(인천),뽀로로모바일2호점,후불)텔링크SK,박종열
S텔21798,구)삐삐통신(정읍),삐삐통신,후불)텔링크SK,서승구
S텔22068,영)사계절통신,사계절통신,후불)텔링크SK,원세영
S텔24511,수)사계절폰(군포),사계절폰 대야미점,후불)텔링크SK,김성수
S텔24509,수)사계절폰(시흥),사계절폰,후불)텔링크SK,김성수
S텔22346,웅)사과모바일,서울사과모바일,후불)텔링크SK,정선웅
S텔20962,웅)사랑텔레콤(평창),사랑텔레콤,후불)텔링크SK,정선웅
S텔25872,열)사하통신(부산),휴대폰성지알람폰사하통신,후불)텔링크SK,박종열
S텔22207,웅)산성텔레콤,산성텔레콤,후불)텔링크SK,정선웅
S텔22259,수)산성텔레콤(공주),산성텔레콤,후불)텔링크SK,김성수
S텔20222,우)삼백통신,삼백통신,후불)텔링크SK,김선우
S텔21914,구)삼성스마트모바일(안양),삼성스마트모바일,후불)텔링크SK,서승구
S텔23298,구)삼성플러스모바일(동작),삼성플러스모바일,후불)텔링크SK,서승구
S텔20411,수)삼양프라자(미아),삼양 프라자,후불)텔링크SK,김성수
S텔16066,수)삼청통신(은평),삼청통신,후불)텔링크SK,김성수
S텔16332,웅)상계폰폰폰,폰폰폰,후불)텔링크SK,정선웅
S텔22263,수)상봉모바일(길동),상봉모바일,후불)텔링크SK,김성수
S텔16348,웅)상상트레이드,상상트레이드,후불)텔링크SK,정선웅
S텔17587,웅)새내모바일,새내모바일,후불)텔링크SK,정선웅
S텔20334,영)새별통신,새별통신,후불)텔링크SK,원세영
S텔24356,수)새봄모바일 (마석),새봄 모바일,후불)텔링크SK,김성수
S텔17588,구)새봄통신,새봄통신,후불)텔링크SK,서승구
S텔16470,열)새솔11,새솔11,후불)텔링크SK,박종열
S텔22571,열)색깔텔레콤(성남),색깔텔레콤,후불)텔링크SK,박종열
S텔19026,수)샛별정보통신 (인천),샛별정보통신,후불)텔링크SK,김성수
S텔16607,영)생생통신,생생통신,후불)텔링크SK,원세영
S텔21292,열)샤인모바일,샤인모바일,후불)텔링크SK,박종열
S텔21210,민)샤크텔레콤(김포),샤크텔레콤,후불)텔링크SK,김민준
S텔16511,구)샴푸폰나라,샴푸폰나라,후불)텔링크SK,서승구
S텔22286,웅)서린글로벌,(주) 서린글로벌 봉담점,후불)텔링크SK,정선웅
S텔22245,웅)서린글로벌,(주) 서린글로벌 광교점,후불)텔링크SK,정선웅
S텔16330,웅)서린글로벌,(주) 서린글로벌 향남점,후불)텔링크SK,정선웅
S텔23929,수)서브넷(당고개),서브넷 당고개,후불)텔링크SK,김성수
S텔24094,열)서안모바일,서안모바일,후불)텔링크SK,박종열
S텔26209,민)서우텔(김포),서우텔,후불)텔링크SK,김민준
S텔21806,우)서이,서이,후불)텔링크SK,김선우
S텔24642,열)서준정보통신(포항),서준정보통신,후불)텔링크SK,박종열
S텔21107,열)서하통신(청주),서하통신,후불)텔링크SK,박종열
S텔21719,열)석영통신(여수),(주)석영,후불)텔링크SK,박종열
S텔22230,민)선모바일,썬모바일 (공릉점),후불)텔링크SK,김민준
S텔22227,민)선모바일,비전텔레콤,후불)텔링크SK,김민준
S텔16458,민)선모바일,선모바일,후불)텔링크SK,김민준
S텔25098,영)선봉모바일10호점,선봉모바일10호점,후불)텔링크SK,원세영
S텔22023,영)선봉모바일5호점,선봉모바일5호점,후불)텔링크SK,원세영
S텔21214,영)선봉모바일6호점,선봉모바일6호점,후불)텔링크SK,원세영
S텔22279,영)선봉모바일7호점(부천),선봉모바일 7호점,후불)텔링크SK,원세영
S텔22785,영)선봉모바일9호점,선봉모바일9호점,후불)텔링크SK,원세영
S텔16302,구)선정보통신,선정보통신,후불)텔링크SK,서승구
S텔16127,수)선중텔레콤(하남),선중텔레콤,후불)텔링크SK,김성수
S텔26315,민)선호텔레콤(강변),선호텔레콤,후불)텔링크SK,김민준
S텔21611,구)섬비서모바일(안산),섬비서모바일,후불)텔링크SK,서승구
S텔21777,영)성공,(주)성공,후불)텔링크SK,원세영
S텔21794,열)성공통신,성공통신,후불)텔링크SK,박종열
S텔22665,열)성남통신(금광점),성남통신,후불)텔링크SK,박종열
S텔22677,열)성남통신(성남),성남통신,후불)텔링크SK,박종열
S텔26324,열)성남휴대폰성지(금광점),성남휴대폰성지금광점모두의폰,후불)텔링크SK,박종열
S텔25111,열)성남휴대폰성지(산성점),성남핸드폰성지,후불)텔링크SK,박종열
S텔16609,구)성성텔레콤(천안),성성텔레콤(천안),후불)텔링크SK,서승구
S텔21564,수)성신유통,주식회사 성신유통,후불)텔링크SK,김성수
S텔24199,웅)성실모바일,성실모바일,후불)텔링크SK,정선웅
S텔22510,웅)성원텔레콤,성원텔레콤,후불)텔링크SK,정선웅
S텔26267,구)성지도매통신(강서구),성지도매통신,후불)텔링크SK,서승구
S텔23317,웅)성지모바일,성지모바일,후불)텔링크SK,정선웅
S텔21731,구)성지모바일(양주),성지모바일(양주),후불)텔링크SK,서승구
S텔21725,구)성지모바일(양주),부건모바일,후불)텔링크SK,서승구
S텔20997,구)성지모바일(양주),왕건성지,후불)텔링크SK,서승구
S텔26367,웅)성지요 고덕신도시점,성지요 고덕신도시점,후불)텔링크SK,정선웅
S텔19691,웅)성지요 동백점,성지요 동백점,후불)텔링크SK,정선웅
S텔24186,웅)성지요(옥수),성지요 옥수점,후불)텔링크SK,정선웅
S텔22180,웅)성지요(의왕점),성지요(의왕점),후불)텔링크SK,정선웅
S텔23105,웅)성지요(인계점),성지요 인계점,후불)텔링크SK,정선웅
S텔25732,수)성진정보통신(광진구),성진정보통신,후불)텔링크SK,김성수
S텔16390,웅)성훈대박(송파),성훈대박텔레콤,후불)텔링크SK,정선웅
S텔22683,구)세계로통신(전주),세계로통신,후불)텔링크SK,서승구
S텔25367,수)세교통신멀티샵(오산),세교통신 멀티샵,후불)텔링크SK,김성수
S텔20945,열)세린텔레콤,세린텔레콤,후불)텔링크SK,박종열
S텔21449,열)세븐모바일(동대문),세븐모바일,후불)텔링크SK,박종열
S텔16292,구)세븐모바일(청량리),세븐모바일,후불)텔링크SK,서승구
S텔21386,민)세븐텔레콤(면목),세븐텔레콤,후불)텔링크SK,김민준
S텔23791,수)세상모든폰(길동),세상모든폰,후불)텔링크SK,김성수
S텔17590,수)세상모든폰(암사),세상모든폰,후불)텔링크SK,김성수
S텔23259,수)세연통신,세연통신,후불)텔링크SK,김성수
S텔16317,준)세이브통신,세이브통신,후불)텔링크SK,황병준
S텔22010,수)세인텔레콤(을지로),세인텔레콤,후불)텔링크SK,김성수
S텔16298,구)센텀모바일(하남),센텀모바일,후불)텔링크SK,서승구
S텔20992,영)셀텍(망원),셀텍(망원),후불)텔링크SK,원세영
S텔20234,영)셀폰모바일(경주),셀폰모바일,후불)텔링크SK,원세영
S텔20387,웅)셀프메이드,셀프메이드,후불)텔링크SK,정선웅
S텔21407,구)소녀폰군산점,소녀폰군산점,후불)텔링크SK,서승구
S텔19677,수)소리샘텔레콤(수원),소리샘 텔레콤,후불)텔링크SK,김성수
S텔22643,구)소리이동통신(전주),소리이동통신,후불)텔링크SK,서승구
S텔20864,영)소미스토리(춘천),소미스토리,후불)텔링크SK,원세영
S텔25350,영)소중한휴대폰(천안불당),소중한휴대폰,후불)텔링크SK,원세영
S텔20894,웅)솜모바일,솜모바일,후불)텔링크SK,정선웅
S텔17111,구)송이통신,송이통신,후불)텔링크SK,서승구
S텔24325,열)송정본가(이천),송정본가,후불)텔링크SK,박종열
S텔20361,우)수글로벌,수글로벌,후불)텔링크SK,김선우
S텔20288,우)수글로벌,수글로벌 발안점,후불)텔링크SK,김선우
S텔17442,우)수글로벌,중고폰뱅크 수원점,후불)텔링크SK,김선우
S텔21929,수)수엔 사라스마트폰,사라스마트폰,후불)텔링크SK,김성수
S텔21647,열)수엠비(영암),수엠비,후불)텔링크SK,박종열
S텔20520,준)수연텔레콤,수연텔레콤,후불)텔링크SK,황병준
S텔23392,준)수원통신/M,휴대폰할인매장,후불)텔링크SK,황병준
S텔19188,열)수정통신(대전),수정통신,후불)텔링크SK,박종열
S텔26018,민)수진인피니티,수진인피니티,후불)텔링크SK,김민준
S텔21778,웅)수진정보통신,수진정보통신,후불)텔링크SK,정선웅
S텔25802,수)수진텔레콤(성남),수진텔레콤,후불)텔링크SK,김성수
S텔26271,민)수청텔레콤(당진),수청텔레콤,후불)텔링크SK,김민준
S텔20450,웅)수현정보통신,수현정보통신,후불)텔링크SK,정선웅
S텔20491,수)순돌이모바일(청라),순돌이모바일 인천점,후불)텔링크SK,김성수
S텔23916,수)숲텔레콤,숲텔레콤,후불)텔링크SK,김성수
S텔17593,영)슈텔레콤(마포),슈텔레콤(마포),후불)텔링크SK,원세영
S텔25415,수)슈퍼맨텔레콤(부산동래점),휴대폰성지,후불)텔링크SK,김성수
S텔25402,수)슈퍼맨텔레콤(창원마산),슈퍼맨 텔레콤 창원마산점,후불)텔링크SK,김성수
S텔16538,구)슈퍼폰,슈퍼폰,후불)텔링크SK,서승구
S텔20865,구)스레이럿모바일,스레이럿모바일,후불)텔링크SK,서승구
S텔22731,열)스마일텔레콤(여주),스마일텔레콤,후불)텔링크SK,박종열
S텔22003,구)스마일티,스마일티,후불)텔링크SK,서승구
S텔16411,열)스마트419/M,(주)스마트419,후불)텔링크SK,박종열
S텔24584,수)스마트면세점(능곡점),스마트폰면세점 능곡점,후불)텔링크SK,김성수
S텔24286,수)스마트지호(강동),스마트지호,후불)텔링크SK,김성수
S텔16418,열)스마트통신,스마트통신,후불)텔링크SK,박종열
S텔21129,수)스마트통신(석남),스마트통신,후불)텔링크SK,김성수
S텔25909,수)스마트폰면세점 매탄점,스마트폰면세점 매탄점,후불)텔링크SK,김성수
S텔24559,구)스마트폰면세점초당점(안산),스마트폰면세점 초당,후불)텔링크SK,서승구
S텔23282,구)스마트폰면세점한양대점(안산),스마트폰면세점 한양대점,후불)텔링크SK,서승구
S텔25037,열)스마트폰면세점(예산),스마트폰면세점 내포점,후불)텔링크SK,박종열
S텔24205,구)스마트폰면세점사동본점주식회사(안산),스마트폰면세점사동본점주식회사,후불)텔링크SK,서승구
S텔24217,수)스마트한폰세상(길동),스마트한폰세상,후불)텔링크SK,김성수
S텔21991,수)스마트k(공릉),스마트K,후불)텔링크SK,김성수
S텔17371,영)스카이모바일(평택),스카이모바일,후불)텔링크SK,원세영
S텔21790,웅)스카이블루(이문),스카이블루,후불)텔링크SK,정선웅
S텔26015,민)스카이정보통신(장곡),스카이정보통신,후불)텔링크SK,김민준
S텔21669,수)스타모바일(안산),스타모바일,후불)텔링크SK,김성수
S텔21995,영)스타정보,스타정보,후불)텔링크SK,원세영
S텔24193,준)스타통신(천안),스타통신,후불)텔링크SK,황병준
S텔24121,열)스피드작전점(인천),스피드작전점,후불)텔링크SK,박종열
S텔21322,수)스피드텔레콤(매탄),스피드텔레콤,후불)텔링크SK,김성수
S텔22540,영)스피드텔레콤(병점),스피드텔레콤(병점),후불)텔링크SK,원세영
S텔17374,영)스피드텔레콤(오목천점),스피드텔레콤(오목천점),후불)텔링크SK,원세영
S텔24977,준)승승장구,휴대폰할인매장11호점,후불)텔링크SK,황병준
S텔24547,준)승승장구,승승장구텔레콤6호점,후불)텔링크SK,황병준
S텔24301,준)승승장구,승승장구텔레콤15호점,후불)텔링크SK,황병준
S텔23952,준)승승장구,상승모바일5호점,후불)텔링크SK,황병준
S텔23480,준)승승장구,승승장구텔레콤5호점,후불)텔링크SK,황병준
S텔22873,준)승승장구,상승모바일3호점,후불)텔링크SK,황병준
S텔22464,준)승승장구,승승장구텔레콤23호점,후불)텔링크SK,황병준
S텔21999,준)승승장구,으뜸모바일,후불)텔링크SK,황병준
S텔21908,준)승승장구,상승모바일9호,후불)텔링크SK,황병준
S텔21891,준)승승장구,승승장구텔레콤21호점,후불)텔링크SK,황병준
S텔21870,준)승승장구,나눔모바일9호,후불)텔링크SK,황병준
S텔21248,준)승승장구,승승장구12호점,후불)텔링크SK,황병준
S텔21247,준)승승장구,승승장구9호점,후불)텔링크SK,황병준
S텔21246,준)승승장구,승승장구16호점,후불)텔링크SK,황병준
S텔21245,준)승승장구,승승장구14호점,후불)텔링크SK,황병준
S텔21244,준)승승장구,승승장구10호점,후불)텔링크SK,황병준
S텔21243,준)승승장구,역곡17호점,후불)텔링크SK,황병준
S텔21242,준)승승장구,주식회사승승장구8호점,후불)텔링크SK,황병준
S텔21226,준)승승장구,승승장구7호점,후불)텔링크SK,황병준
S텔21225,준)승승장구,상승모바일8호점,후불)텔링크SK,황병준
S텔21224,준)승승장구,상승모바일1호점,후불)텔링크SK,황병준
S텔21223,준)승승장구,승승장구3호점,후불)텔링크SK,황병준
S텔20500,준)승승장구,승승장구6호점,후불)텔링크SK,황병준
S텔20426,준)승승장구,승승장구텔레콤20호점,후불)텔링크SK,황병준
S텔20422,준)승승장구,승승장구텔레콤13호점,후불)텔링크SK,황병준
S텔20408,준)승승장구,승승장구텔레콤25호점,후불)텔링크SK,황병준
S텔20393,준)승승장구,상승12호,후불)텔링크SK,황병준
S텔20386,준)승승장구,승승장구22호점,후불)텔링크SK,황병준
S텔20216,준)승승장구,승승장구텔레콤26호점,후불)텔링크SK,황병준
S텔20183,준)승승장구,승승장구텔레콤2호점,후불)텔링크SK,황병준
S텔20181,준)승승장구,승승장구텔레콤4호점,후불)텔링크SK,황병준
S텔20180,준)승승장구,상승모바일,후불)텔링크SK,황병준
S텔26143,준)승승장구,승승장구1호점,후불)텔링크SK,황병준
S텔26138,준)승승장구,승승장구18호점,후불)텔링크SK,황병준
S텔26153,준)승승장구,승승장구텔레콤19호점,후불)텔링크SK,황병준
S텔22479,구)시네마통신2호점,시네마통신2호점,후불)텔링크SK,서승구
S텔20861,우)시아통신,시아통신,후불)텔링크SK,김선우
S텔25055,열)시원모바일(동탄),시원모바일,후불)텔링크SK,박종열
S텔25053,열)시원모바일(동탄),더킹,후불)텔링크SK,박종열
S텔24437,수)시월모바일(공주),시월모바일,후불)텔링크SK,김성수
S텔20152,수)시은모바일(화성),시은모바일,후불)텔링크SK,김성수
S텔26459,열)시즌통신(구미),시즌통신,후불)텔링크SK,박종열
S텔21817,웅)시티텔레콤,시티텔레콤,후불)텔링크SK,정선웅
S텔21965,수)시현통신(삼양),시현통신,후불)텔링크SK,김성수
S텔22027,수)신광통신(장현),신광통신,후불)텔링크SK,김성수
S텔23562,영)신기통신(대구),신기통신,후불)텔링크SK,원세영
S텔23212,영)신도림도매폰진접,신도림도매폰진접,후불)텔링크SK,원세영
S텔18299,영)신동텔레콤(대구),신동텔레콤,후불)텔링크SK,원세영
S텔20323,구)신사임당(경주),신사임당 구)모바일플랜,후불)텔링크SK,서승구
S텔22380,열)신성(난곡),신성난곡점,후불)텔링크SK,박종열
S텔21599,열)신성남정보통신,신성남정보통신,후불)텔링크SK,박종열
S텔23435,영)신성모바일(안양),신성모바일,후불)텔링크SK,원세영
S텔20414,준)신세계(당고개),신세계텔레콤,후불)텔링크SK,황병준
S텔23314,구)신세계(서초),신세계,후불)텔링크SK,서승구
S텔22203,수)신세계이동통신(부천),신세계이동통신,후불)텔링크SK,김성수
S텔22171,수)신세계통신(대전),신세계통신 (월평점),후불)텔링크SK,김성수
S텔20202,우)신애통신,신애통신,후불)텔링크SK,김선우
S텔25562,수)신영통신(동두천),신영통신,후불)텔링크SK,김성수
S텔20315,우)신우정보,주식회사 신우정보,후불)텔링크SK,김선우
S텔21601,영)신터미널이동통신(속초),신터미널이동통신,후불)텔링크SK,원세영
S텔16204,영)신텔레콤,신텔레콤,후불)텔링크SK,원세영
S텔20922,웅)신화텔레콤,신화텔레콤,후불)텔링크SK,정선웅
S텔21465,수)신화텔레콤(암사),신화텔레콤,후불)텔링크SK,김성수
S텔23198,열)신화하이스트,비에스(BS)모바일,후불)텔링크SK,박종열
S텔23220,열)신후커뮤니케이션(화성),신후커뮤니케이션,후불)텔링크SK,박종열
S텔22513,수)신흥텔레콤,신흥텔레콤,후불)텔링크SK,김성수
S텔23390,영)심곡텔레콤(인천),심곡텔레콤(인천),후불)텔링크SK,원세영
S텔23463,웅)심코리아,심코리아,후불)텔링크SK,정선웅
S텔21920,수)싸다폰(산본),싸다폰,후불)텔링크SK,김성수
S텔21779,구)싼타모바일,(주)엠텔레콤증산1호점,후불)텔링크SK,서승구
S텔22005,수)싼폰(덕소),싼폰마트,후불)텔링크SK,김성수
S텔22007,구)쌍문텔레콤,쌍문텔레콤,후불)텔링크SK,서승구
S텔21204,영)써니모바일(수원),써니모바일,후불)텔링크SK,원세영
S텔20318,웅)써니통신,써니통신,후불)텔링크SK,정선웅
S텔20297,준)썬다롱텔레콤,썬다롱텔레콤,후불)텔링크SK,황병준
S텔16606,영)썬정보통신(부천),썬정보통신(부천),후불)텔링크SK,원세영
S텔20535,민)썬플러스,썬플러스 중계,후불)텔링크SK,김민준
S텔16295,민)썬플러스,썬플러스(아이엠호호),후불)텔링크SK,김민준
S텔23650,민)씨스타모바일(영등포),씨스타모바일,후불)텔링크SK,김민준
S텔25378,영)씨씨인베스트먼트,씨씨인베스트먼트,후불)텔링크SK,원세영
S텔21759,영)씨씨클라쓰(주),주식회사 씨씨클라쓰 3호점,후불)텔링크SK,원세영
S텔21758,영)씨씨클라쓰(주),주식회사 씨씨클라쓰 2호점,후불)텔링크SK,원세영
S텔21757,영)씨씨클라쓰(주),씨씨클라쓰(주),후불)텔링크SK,원세영
S텔25013,영)씨앤씨모바일(천안),(주)씨앤씨모바일,후불)텔링크SK,원세영
S텔22901,영)씨앤씨모바일(천안),폰이팡 중고폰 알뜰폰 군포점,후불)텔링크SK,원세영
S텔21272,영)씨앤씨모바일(천안),(주)씨앤씨모바일(인천),후불)텔링크SK,원세영
S텔26303,구)씨앤씨컴퍼니(부산),씨앤씨컴퍼니,후불)텔링크SK,서승구
S텔24235,영)씨에이치모바일,CH모바일,후불)텔링크SK,원세영
S텔25899,민)씨엔아이통신(부천),씨엔아이,후불)텔링크SK,김민준
S텔23818,웅)씨엠알모바일,씨엠알모바일,후불)텔링크SK,정선웅
S텔20420,수)씽씽모바일(청라),씽씽모바일,후불)텔링크SK,김성수
S텔23942,영)씽씽텔레콤,씽씽텔레콤,후불)텔링크SK,원세영
S텔26374,영)씽씽텔레콤,184텔레콤,후불)텔링크SK,원세영
S텔21703,열)아남정보통신,아남정보통신,후불)텔링크SK,박종열
S텔17606,구)아라라트(오류동),아라라트(오류동),후불)텔링크SK,서승구
S텔20888,영)아름텔레콤(구로),아름텔레콤(구로),후불)텔링크SK,원세영
S텔24349,수)아벤커뮤니케이션즈(발안),아벤커뮤니케이션즈,후불)텔링크SK,김성수
S텔23186,수)아산텔레콤(아산),아산텔레콤,후불)텔링크SK,김성수
S텔23502,웅)아시아모바일(김해),아시아폰마트,후불)텔링크SK,정선웅
S텔23500,웅)아시아모바일(김해),ASUS어수스(김해),후불)텔링크SK,정선웅
S텔23489,웅)아시아모바일(김해),아시아모바일,후불)텔링크SK,정선웅
S텔20348,수)아시아텔레콤(안산),아시아텔레콤,후불)텔링크SK,김성수
S텔23669,웅)아애롱딴모바일샵(진주),아애롱딴모바일샵,후불)텔링크SK,정선웅
S텔22319,웅)아워스,아워스(OURS),후불)텔링크SK,정선웅
S텔20905,우)아이디오,아이디오(양원점),후불)텔링크SK,김선우
S텔15981,우)아이디오,아이디오,후불)텔링크SK,김선우
S텔21352,영)아이박스24(안산),아이박스24,후불)텔링크SK,원세영
S텔22204,수)아이원통신(인천),(주)아이원통신,후불)텔링크SK,김성수
S텔24365,열)아이티마켓(광주),아이티마켓,후불)텔링크SK,박종열
S텔21195,수)아이티통신(동대문),아이티(IT)통신,후불)텔링크SK,김성수
S텔16600,구)아이폰브라더스(양주),양주아이폰수리/아이폰브라더스,후불)텔링크SK,서승구
S텔26063,민)아이폰수리점,아이폰수리점,후불)텔링크SK,김민준
S텔20336,구)아이픽스굿(동해),아이픽스굿(동해),후불)텔링크SK,서승구
S텔20277,열)아트정보통신(광주),아트정보통신 선운점,후불)텔링크SK,박종열
S텔21158,수)아프로(왕십리),아프로모바일,후불)텔링크SK,김성수
S텔20937,구)아프리디,(주)아프리디트레이딩,후불)텔링크SK,서승구
S텔24419,열)아프리카폰(군포산본점),아프리카폰,후불)텔링크SK,박종열
S텔24359,수)아형폰(영등포),아형폰,후불)텔링크SK,김성수
S텔21466,영)안득휴대폰(부평),안득휴대폰(ANH DUC MOBILE),후불)텔링크SK,원세영
S텔22790,열)안성모바일(안성),안성모바일,후불)텔링크SK,박종열
S텔26368,민)안중휴대폰성지폰맛집(평택),안중휴대폰성지폰맛집,후불)텔링크SK,김민준
S텔18397,열)알뜰모바일(대구),알뜰모바일,후불)텔링크SK,박종열
S텔20931,구)알뜰온통신(독산),알뜰온통신,후불)텔링크SK,서승구
S텔24613,웅)알뜰통신(대구),알뜰통신,후불)텔링크SK,정선웅
S텔25439,준)알뜰폰(제주),알뜰폰,후불)텔링크SK,황병준
S텔26349,열)알뜰폰마켓(부산),알뜰폰마켓,후불)텔링크SK,박종열
S텔25547,웅)알뜰폰정류장(대구),알뜰폰정류장,후불)텔링크SK,정선웅
S텔25601,준)알뜰폰패밀리(세종),알뜰폰패밀리,후불)텔링크SK,황병준
S텔24652,준)알뜰휴대폰(안성),얄뜰휴대폰,후불)텔링크SK,황병준
S텔25887,준)알뜰휴대폰(평택),알뜰휴대폰평택점,후불)텔링크SK,황병준
S텔25914,열)알람폰수영점(부산),알람폰수영점(휴대폰성지대한민국폰가게알람폰수영점),후불)텔링크SK,박종열
S텔17134,우)알로통신,알로통신,후불)텔링크SK,김선우
S텔20839,우)알로통신(안산),알로통신,후불)텔링크SK,김선우
S텔20875,웅)알로하모바일,알로하모바일,후불)텔링크SK,정선웅
S텔24456,영)알투모바일(수원),R2모바일,후불)텔링크SK,원세영
S텔22231,수)알파정보통신(동인천),알파정보통신,후불)텔링크SK,김성수
S텔16464,열)알파통신,알파통신,후불)텔링크SK,박종열
S텔20693,구)압정통신,압정통신,후불)텔링크SK,서승구
S텔22646,영)애니콜(광주),애니콜(광주),후불)텔링크SK,원세영
S텔21679,민)애니콜프라자,애니콜프라자,후불)텔링크SK,김민준
S텔16592,구)애니통신&앤언니,애니통신&앤언니,후불)텔링크SK,서승구
S텔22877,웅)애플(김해),애플,후불)텔링크SK,정선웅
S텔18327,수)애플정보통신(대구),애플정보통신,후불)텔링크SK,김성수
S텔21799,구)액세스모바일(진접),액세스모바일&하랄푸드,후불)텔링크SK,서승구
S텔20273,열)앤모바일(분당),앤모바일(분당),후불)텔링크SK,박종열
S텔23380,구)앤트피디,(주)앤트 역말점,후불)텔링크SK,서승구
S텔23054,구)앤트피디,(주)앤트 신사점,후불)텔링크SK,서승구
S텔22462,구)앤트피디,폰마트,후불)텔링크SK,서승구
S텔22050,구)앤트피디,(주)앤트 혜원점,후불)텔링크SK,서승구
S텔22049,구)앤트피디,휴대폰성지,후불)텔링크SK,서승구
S텔22048,구)앤트피디,(주)앤트 구산점,후불)텔링크SK,서승구
S텔16293,구)앤트피디,앤트피디,후불)텔링크SK,서승구
S텔16623,우)양가스토어,양가스토어,후불)텔링크SK,김선우
S텔22214,영)양덕원통신(홍천),양덕원통신(홍천),후불)텔링크SK,원세영
S텔20537,수)양산아저씨,양산아저씨,후불)텔링크SK,김성수
S텔21010,우)어라운드비,어라운드비,후불)텔링크SK,김선우
S텔21924,웅)어썸(면목),어썸(면목),후불)텔링크SK,정선웅
S텔25346,웅)어썸아이앤티,(주)어썸아이앤티 용두점,후불)텔링크SK,정선웅
S텔25843,민)어진모바일(구리),어진모바일,후불)텔링크SK,김민준
S텔22657,영)엄지텔레콤(부평),엄지텔레콤,후불)텔링크SK,원세영
S텔20854,우)국대폰(어룡역점),엄청텔레콤,후불)텔링크SK,김선우
S텔21987,수)에덴비젼(방화),주식회사 에덴비젼,후불)텔링크SK,김성수
S텔25638,영)에비모바일,에비모바일,후불)텔링크SK,원세영
S텔25903,민)에스디컴퍼니,에스디컴퍼니,후불)텔링크SK,김민준
S텔22762,열)에스비모바일(제천),에스비모바일,후불)텔링크SK,박종열
S텔21032,구)에스씨컴퍼니(청주),에스씨컴퍼니,후불)텔링크SK,서승구
S텔21956,구)에스아이,에스아이,후불)텔링크SK,서승구
S텔19406,수)에스앤에이치(공릉),에스앤에이치,후불)텔링크SK,김성수
S텔22124,영)에스에이치모바일(구리),에스에이치모바일(구리),후불)텔링크SK,원세영
S텔26338,열)에스에이텔레콤(부산),에스에이텔레콤,후불)텔링크SK,박종열
S텔22371,구)에스엠모바일,에스엠모바일,후불)텔링크SK,서승구
S텔20781,웅)에스엠스토어,에스엠스토어(SM STORE),후불)텔링크SK,정선웅
S텔23583,수)에스엠컴퍼니,에스엠컴퍼니,후불)텔링크SK,김성수
S텔20137,수)에스와이(금곡),에스와이통신,후불)텔링크SK,김성수
S텔22980,열)에스와이(하남),에스와이,후불)텔링크SK,박종열
S텔20845,영)에스지텔레콤(부천),에스지텔레콤(부천),후불)텔링크SK,원세영
S텔20919,열)에스지피플(중랑),에스지피플,후불)텔링크SK,박종열
S텔21106,민)에스케이엠비(리더스),에스케이엠비,후불)텔링크SK,김민준
S텔21097,민)에스케이엠비(리더스),리더스오브이노베이션,후불)텔링크SK,김민준
S텔24236,구)에스케이텔레콤한백경원점(고창),에스케이텔레콤 한백경원점,후불)텔링크SK,서승구
S텔21747,준)에스피커뮤니티,에스피커뮤니티,후불)텔링크SK,황병준
S텔25035,열)에스피텔레콤(송파),에스피텔레콤,후불)텔링크SK,박종열
S텔22131,웅)에이스통신(광주),에이스통신,후불)텔링크SK,정선웅
S텔21741,열)에이스통신(대전),스마트통신,후불)텔링크SK,박종열
S텔15890,열)에이스통신(대전),에이스통신,후불)텔링크SK,박종열
S텔25675,열)에이스휴대폰성지(김해),진영에이스휴대폰성지,후불)텔링크SK,박종열
S텔24386,열)에이스휴대폰성지(김해),에이스휴대폰성지,후불)텔링크SK,박종열
S텔25678,열)에이스휴대폰성지(김해),이룸컴퍼니주식회사,후불)텔링크SK,박종열
S텔23729,수)에이원(문성),에이원 문성,후불)텔링크SK,김성수
S텔23730,수)에이원(상모),에이원 상모,후불)텔링크SK,김성수
S텔23997,열)에이치네트웍스(송파),에이치네트웍스,후불)텔링크SK,박종열
S텔21860,준)에이치모바일(도봉),에이치모바일,후불)텔링크SK,황병준
S텔23685,우)에이치모바일(향남),에이치 H MOBILE,후불)텔링크SK,김선우
S텔25488,구)에이치비컴퍼니(번동),에이치비컴퍼니,후불)텔링크SK,서승구
S텔22816,수)에이치비텔레콤(구리),에이치비(HB)텔레콤 구리,후불)텔링크SK,김성수
S텔21843,수)에이치비텔레콤(호평),에이치비텔레콤,후불)텔링크SK,김성수
S텔22188,영)에이치엘모바일(수원),에이치엘모바일,후불)텔링크SK,원세영
S텔16557,민)에이치와이/M,에이치와이,후불)텔링크SK,김민준
S텔20582,민)에이치케이티샵(주),(주)에이치케이티샵,후불)텔링크SK,김민준
S텔22193,수)에이치통신(파주),에이치통신,후불)텔링크SK,김성수
S텔23806,열)에이치투오정보통신,에이치투오정보통신,후불)텔링크SK,박종열
S텔21455,우)에이투젯 휴대폰,에이투젯 휴대폰,후불)텔링크SK,김선우
S텔16526,열)에이플러스(2호점),에이플러스(2호점),후불)텔링크SK,박종열
S텔17618,영)에이피(부천),에이피,후불)텔링크SK,원세영
S텔16493,구)에코페이,에코페이,후불)텔링크SK,서승구
S텔21718,영)에코폰(평택점),에코폰 평택점,후불)텔링크SK,원세영
S텔23067,열)엔네트,엔네트웍스신현점,후불)텔링크SK,박종열
S텔16381,열)엔네트,주식회사엔네트웍스,후불)텔링크SK,박종열
S텔17722,수)엔모바일(오산),엔모바일,후불)텔링크SK,김성수
S텔19007,우)엔씨정보,엔씨정보통신,후불)텔링크SK,김선우
S텔16517,구)엔씨통신(마북점),엔씨통신(마북점),후불)텔링크SK,서승구
S텔22052,구)엔케이모바일,엔케이모바일,후불)텔링크SK,서승구
S텔18762,웅)엔터컴주식회사(김해),엔터컴 주식회사,후불)텔링크SK,정선웅
S텔20704,영)엘림,엘림,후불)텔링크SK,원세영
S텔22257,수)엘비통신(신내),엘비통신,후불)텔링크SK,김성수
S텔24367,열)엘에스티,엠티엠,후불)텔링크SK,박종열
S텔17401,열)엘에스티,엘에스티,후불)텔링크SK,박종열
S텔24201,영)엘엠글로벌,주식회사 엘엠글로벌 대전점,후불)텔링크SK,원세영
S텔20925,영)엘엠글로벌,주식회사 엘엠글로벌,후불)텔링크SK,원세영
S텔25919,영)엘엠글로벌,린만모바일,후불)텔링크SK,원세영
S텔21193,구)엘제이모바일(부산),엘제이모바일(부산),후불)텔링크SK,서승구
S텔24901,웅)엘제이텔레콤(대전),엘제이텔레콤,후불)텔링크SK,정선웅
S텔23351,영)엘케이모바일(산본),엘케이모바일,후불)텔링크SK,원세영
S텔26057,영)엘케이모바일(산본),엘케이모바일 안양점,후불)텔링크SK,원세영
S텔24491,웅)엘티모바일(대전),엘티모바일,후불)텔링크SK,정선웅
S텔22784,수)엠넷(세종),엠넷 세종점,후불)텔링크SK,김성수
S텔26422,민)엠더블유텔레콤(파주),엠더블유텔레콤,후불)텔링크SK,김민준
S텔26396,민)엠모바일(인천),엠모바일,후불)텔링크SK,김민준
S텔23464,영)엠비에스포스원,(주)엠비에스포스원,후불)텔링크SK,원세영
S텔17690,영)엠앤에이모바일(평택),엠앤에이모바일(M&A MOBILE),후불)텔링크SK,원세영
S텔20270,웅)엠에스(수내),엠에스(수내),후불)텔링크SK,정선웅
S텔26360,열)엠에스모바일(평택),엠에스모바일,후불)텔링크SK,박종열
S텔23469,열)엠에스정보통신(성남),엠에스정보통신,후불)텔링크SK,박종열
S텔25174,열)엠에스텔레콤(안양),엠에스텔레콤(안양),후불)텔링크SK,박종열
S텔22871,민)엠에스플러스/M,엠에스플러스,후불)텔링크SK,김민준
S텔21591,수)엠제이모바일(석남),엠제이모바일,후불)텔링크SK,김성수
S텔16279,구)엠존,M-Zone,후불)텔링크SK,서승구
S텔23811,수)엠케이모바일,엠케이모바일,후불)텔링크SK,김성수
S텔24002,열)엠케이스타(송파),엠케이스타,후불)텔링크SK,박종열
S텔21602,민)엠텔레콤(장안),엠(M)텔레콤,후불)텔링크SK,김민준
S텔21132,영)엠티케이모바일(평택),M.T.K 모바일,후불)텔링크SK,원세영
S텔26061,수)엣지텔레콤(중화),엣지텔레콤,후불)텔링크SK,김성수
S텔21660,웅)여름텔레콤,여름,후불)텔링크SK,정선웅
S텔21880,수)여우통신(전곡),여우통신,후불)텔링크SK,김성수
S텔21126,열)여주통신(여주),여주통신,후불)텔링크SK,박종열
S텔21722,열)역말이동통신,역말이동통신,후불)텔링크SK,박종열
S텔21957,영)연모바일,연모바일,후불)텔링크SK,원세영
S텔24392,구)연모바일(부산),연모바일,후불)텔링크SK,서승구
S텔25051,열)연세통신(성남),연세통신(은행점),후불)텔링크SK,박종열
S텔20437,영)연합통신,연합통신,후불)텔링크SK,원세영
S텔26395,열)판다텔레콤3(천안),휴대폰세상,후불)텔링크SK,박종열
S텔24514,영)영대중고폰,영대중고폰,후불)텔링크SK,원세영
S텔25182,수)영등포성지(영등포),영등포성지,후불)텔링크SK,김성수
S텔24939,열)영모바일(천안),천안휴대폰성지영모바일두정점,후불)텔링크SK,박종열
S텔20777,열)영모바일(천안),천안중고폰선불폰알뜰폰성지천안영모바일성정점,후불)텔링크SK,박종열
S텔19440,영)영사운드(용산),영사운드,후불)텔링크SK,원세영
S텔25659,수)영산업(산본),영산업,후불)텔링크SK,김성수
S텔20223,영)영석정보통신,영석정보통신,후불)텔링크SK,원세영
S텔24058,구)영우정보통신(광주),영우정보통신,후불)텔링크SK,서승구
S텔16285,구)영원OA통신,영원OA통신,후불)텔링크SK,서승구
S텔22012,수)영종국제통신(인천),영종국제통신,후불)텔링크SK,김성수
S텔24173,영)영천아시아폰마트(영천),영천아시아폰마트,후불)텔링크SK,원세영
S텔22647,영)영텔레콤(이천),영텔레콤,후불)텔링크SK,원세영
S텔19089,민)영텔레콤(평택),영텔레콤,후불)텔링크SK,김민준
S텔21841,열)영통신(인천),영통신,후불)텔링크SK,박종열
S텔24826,영)옆커폰 노원점,휴대폰성지 옆커폰(노원점),후불)텔링크SK,원세영
S텔24157,영)옆커폰(강동점),서울휴대폰성지옆커폰 강동점,후불)텔링크SK,원세영
S텔26201,영)옆커폰(구로점),휴대폰성지 옆커폰 가산점,후불)텔링크SK,원세영
S텔26008,영)옆커폰(구파발점),휴대폰성지 옆커폰 구파발점,후불)텔링크SK,원세영
S텔25498,영)옆커폰(금곡점),휴대폰성지 옆커폰 금곡점,후불)텔링크SK,원세영
S텔24055,영)옆커폰(길음점),서울휴대폰성지 옆커폰길음점,후불)텔링크SK,원세영
S텔24067,영)옆커폰(내발산점),휴대폰성지 옆커폰 내발산점,후불)텔링크SK,원세영
S텔25971,영)옆커폰(단대오거리점),옆커폰 단대오거리점,후불)텔링크SK,원세영
S텔24061,영)옆커폰(답십리점),휴대폰성지 옆커폰 답십리점,후불)텔링크SK,원세영
S텔25674,영)옆커폰(대전봉명점),휴대폰성지 옆커폰 대전봉명점,후불)텔링크SK,원세영
S텔24381,영)옆커폰(대전시청점),휴대폰성지 옆커폰 대전시청점,후불)텔링크SK,원세영
S텔25252,영)옆커폰(등촌점),휴대폰성지 옆커폰등촌점,후불)텔링크SK,원세영
S텔25040,영)옆커폰(상일점),휴대폰성지옆커폰 상일점,후불)텔링크SK,원세영
S텔24062,영)옆커폰(서울중곡본점),서울휴대폰성지 옆커폰중곡점,후불)텔링크SK,원세영
S텔26419,영)옆커폰(세종해밀점),휴대폰 성지 옆커폰 세종해밀점,후불)텔링크SK,원세영
S텔25321,영)옆커폰(수원남문점),휴대폰성지 옆커폰 수원남문점,후불)텔링크SK,원세영
S텔24102,영)옆커폰(신내점),휴대폰성지 옆커폰 신내점,후불)텔링크SK,원세영
S텔24839,영)옆커폰(신정점),휴대폰성지 옆커폰 신정점,후불)텔링크SK,원세영
S텔24472,영)옆커폰(쌍문점),휴대폰성지 옆커폰 쌍문점,후불)텔링크SK,원세영
S텔24096,영)옆커폰(왕십리점),휴대폰성지 옆커폰 왕십리점,후불)텔링크SK,원세영
S텔24970,영)옆커폰(중곡점),휴대폰성지,후불)텔링크SK,원세영
S텔25590,영)옆커폰(천안가경점),청주 휴대폰성지 옆커폰,후불)텔링크SK,원세영
S텔25226,영)옆커폰(천안불당점),휴대폰성지 옆커폰 천안불당점,후불)텔링크SK,원세영
S텔24846,영)옆커폰(천안탕정점),휴대폰성지 옆커폰 탕정점,후불)텔링크SK,원세영
S텔24398,영)옆커폰(청주강서점),청주 휴대폰성지 옆커폰 강서점,후불)텔링크SK,원세영
S텔24835,영)옆커폰(청주동남점),청주 휴대폰성지 옆커폰 동남점,후불)텔링크SK,원세영
S텔25227,영)옆커폰(청주사창점),휴대폰성지 옆커폰 사창점,후불)텔링크SK,원세영
S텔26054,영)옆커폰(청주율량점),휴대폰 성지 옆커폰 율량점,후불)텔링크SK,원세영
S텔24078,영)옆커폰(청파점),휴대폰성지 옆커폰 청파점,후불)텔링크SK,원세영
S텔21960,구)예스모바일(남원),예스모바일,후불)텔링크SK,서승구
S텔22201,수)예스정보통신(오남),예스정보통신,후불)텔링크SK,김성수
S텔21933,수)예원(김포),예원텔레콤,후불)텔링크SK,김성수
S텔26356,민)예지정보통신(평택),예지정보통신,후불)텔링크SK,김민준
S텔26076,민)옐로우통신(시흥),옐로우통신,후불)텔링크SK,김민준
S텔25705,구)오거리통신(안양),오거리통신,후불)텔링크SK,서승구
S텔23925,열)오늘의스팟,오늘의스팟,후불)텔링크SK,박종열
S텔16242,영)오디텔레콤,오디텔레콤,후불)텔링크SK,원세영
S텔21041,구)오라컴퍼니(안산),오라컴퍼니,후불)텔링크SK,서승구
S텔20233,구)오랜지(화천),오랜지,후불)텔링크SK,서승구
S텔24223,수)오랜지텔레콤(길동),오랜지텔레콤,후불)텔링크SK,김성수
S텔23285,구)오렌지모바일(군산시),오렌지모바일,후불)텔링크SK,서승구
S텔22266,영)오롯이텔레콤(수원),오롯이모바일,후불)텔링크SK,원세영
S텔16577,구)오메가정보통신,오메가정보통신,후불)텔링크SK,서승구
S텔20355,준)오복통신(동탄),오복통신,후불)텔링크SK,황병준
S텔21970,구)오수정보통신(임실),오수정보통신,후불)텔링크SK,서승구
S텔21961,구)오수정보통신(임실),임실정보통신,후불)텔링크SK,서승구
S텔16486,구)오조호조,오조호조,후불)텔링크SK,서승구
S텔20780,영)오칠(하남),오칠(하남),후불)텔링크SK,원세영
S텔16385,웅)오케이모바일,오케이모바일,후불)텔링크SK,정선웅
S텔20224,수)오케이중고폰(원당),오케이중고폰원당점,후불)텔링크SK,김성수
S텔21046,수)오케이중고할인마트(강서),오케이중고폰 강서구점,후불)텔링크SK,김성수
S텔24352,열)오케이텔레콤(안성),오케이TELECOM,후불)텔링크SK,박종열
S텔17627,수)오투모바일(검단),오투모바일,후불)텔링크SK,김성수
S텔23779,열)오픈모바일(광주),오픈모바일,후불)텔링크SK,박종열
S텔24647,영)옥천휴대폰(옥천),옥천휴대폰,후불)텔링크SK,원세영
S텔18623,영)온천텔레콤(부산온천),온천텔레콤,후불)텔링크SK,원세영
S텔21894,구)올폰컴퍼니(진주),올폰컴퍼니,후불)텔링크SK,서승구
S텔21236,수)와우통신(성남),알뜰폰 전문매장 와우통신,후불)텔링크SK,김성수
S텔21124,구)와이에스(창원),와이에스,후불)텔링크SK,서승구
S텔23288,구)와이제이모바일(하남),와이제이모바일,후불)텔링크SK,서승구
S텔23309,구)와이제이컴퍼니(하남),와이제이컴퍼니,후불)텔링크SK,서승구
S텔20897,구)와이즈,와이즈,후불)텔링크SK,서승구
S텔18505,열)완도통신(완도),완도통신,후불)텔링크SK,박종열
S텔25969,민)왕대박모바일(부천),왕대박모바일,후불)텔링크SK,김민준
S텔23529,영)외국인마트(이천),외국인마트(FOREIGN MART),후불)텔링크SK,원세영
S텔20354,열)외대통신,외대통신,후불)텔링크SK,박종열
S텔26384,민)요기핸드폰(인천),요기핸드폰,후불)텔링크SK,김민준
S텔23840,열)용인텔레콤,용인텔레콤,후불)텔링크SK,박종열
S텔20957,구)우기통신(안양),우기통신,후불)텔링크SK,서승구
S텔26115,수)우리동네성지폰(김해),우리동네 성지폰,후불)텔링크SK,김성수
S텔20194,열)우리동네텔레콤(천안),우리동네텔레콤,후불)텔링크SK,박종열
S텔24610,열)우리동네폰가게(통영),우리동네폰가게,후불)텔링크SK,박종열
S텔21022,열)우리통신(광주),우리통신(광주),후불)텔링크SK,박종열
S텔26222,웅)우리통신(김해),우리통신,후불)텔링크SK,정선웅
S텔16604,구)우리형스마트폰(미아),우리형스마트폰(미아),후불)텔링크SK,서승구
S텔22440,열)우씨통신(창원),우씨통신,후불)텔링크SK,박종열
S텔20347,열)우여사텔레콤,우여사텔레콤,후불)텔링크SK,박종열
S텔20615,수)우원모바일(양산),우원모바일,후불)텔링크SK,김성수
S텔23561,수)우윈스(구미),우윈스 구미지점,후불)텔링크SK,김성수
S텔22997,수)우윈스(수원),우윈스 수원지점,후불)텔링크SK,김성수
S텔25356,수)우주통신(길동),우주통신,후불)텔링크SK,김성수
S텔16624,구)우주통신(속초시),우주통신,후불)텔링크SK,서승구
S텔16323,웅)우진,우진,후불)텔링크SK,정선웅
S텔25713,우)에이투젯 휴대폰,지엔케이레스토랑,후불)텔링크SK,김선우
S텔21785,우)운정아저씨,운정아저씨,후불)텔링크SK,김선우
S텔23601,구)울산폰마트,울산폰마트,후불)텔링크SK,서승구
S텔16581,우)웅쭈노리퍼블릭,웅쭈노리퍼블릭,후불)텔링크SK,김선우
S텔24490,열)워니통신(남양주),워니통신,후불)텔링크SK,박종열
S텔20301,영)원모바일,원모바일,후불)텔링크SK,원세영
S텔17420,구)원모바일(안양),원모바일,후불)텔링크SK,서승구
S텔24935,열)원스텝(강북),원스텝,후불)텔링크SK,박종열
S텔16391,웅)원탑(금곡),원탑,후불)텔링크SK,정선웅
S텔16271,영)원탑모바일(전주),원탑모바일(전주),후불)텔링크SK,원세영
S텔26469,민)원텔레콤(고양),원텔레콤,후불)텔링크SK,김민준
S텔26287,수)원텔레콤(선릉),원텔레콤,후불)텔링크SK,김성수
S텔16605,웅)원통신,원통신,후불)텔링크SK,정선웅
S텔26378,열)원피스(광진),원피스,후불)텔링크SK,박종열
S텔21425,수)월드(송우리),월드,후불)텔링크SK,김성수
S텔21103,수)월드모바일(안산),월드텔레콤,후불)텔링크SK,김성수
S텔16428,열)월드전자랜드,월드전자랜드(강남),후불)텔링크SK,박종열
S텔22948,열)월드통신(고척),월드통신,후불)텔링크SK,박종열
S텔20494,구)월드폰(경주),월드폰2,후불)텔링크SK,서승구
S텔20218,열)월드폰(용인),월드폰용인,후불)텔링크SK,박종열
S텔17805,구)월드폰(원주),월드폰,후불)텔링크SK,서승구
S텔22531,구)월드폰3,월드폰3,후불)텔링크SK,서승구
S텔22774,열)월드푸드마트(광주),월드푸드마트통신,후불)텔링크SK,박종열
S텔21628,웅)웰빙통신,웰빙통신,후불)텔링크SK,정선웅
S텔20306,수)윈모바일(전곡),윈모바일,후불)텔링크SK,김성수
S텔21120,열)윈스토어,윈스토어,후불)텔링크SK,박종열
S텔22160,열)윈텔레콤,윈텔레콤,후불)텔링크SK,박종열
S텔19816,민)유광통신(인천),유광통신,후불)텔링크SK,김민준
S텔24421,구)유나통신로또(도봉),유나통신로또,후불)텔링크SK,서승구
S텔23935,수)유노텔레콤,유노텔레콤,후불)텔링크SK,김성수
S텔21858,수)유니모바일(오남),유니모바일,후불)텔링크SK,김성수
S텔21655,열)유니통신(광주),유니통신,후불)텔링크SK,박종열
S텔20432,영)유림(수원),히어로컴퍼니,후불)텔링크SK,원세영
S텔23591,구)유성통신,유성통신,후불)텔링크SK,서승구
S텔23258,민)유앤소프트,주식회사유니스우정일지점,후불)텔링크SK,김민준
S텔25967,민)유앤소프트,영인모바일,후불)텔링크SK,김민준
S텔21174,민)유앤소프트,왕창텔레콤,후불)텔링크SK,김민준
S텔18536,민)유앤소프트,금강정보통신,후불)텔링크SK,김민준
S텔24222,민)유앤소프트,붕붕콜,후불)텔링크SK,김민준
S텔21539,구)좋은회사주식회사(대화점),유에이블모바일,후불)텔링크SK,서승구
S텔24333,영)유엔통신,UN통신,후불)텔링크SK,원세영
S텔22494,민)유이텔레콤(염창),유이텔레콤,후불)텔링크SK,김민준
S텔25036,구)유진상사(구로),유진상사,후불)텔링크SK,서승구
S텔16472,민)유진정보,유진정보통신,후불)텔링크SK,김민준
S텔20144,수)유케이씨(오남),유케이씨 컴퍼니,후불)텔링크SK,김성수
S텔26014,수)유플러스텔레콤,UPLUS 텔레콤,후불)텔링크SK,김성수
S텔25422,수)유한회사라인업글로벌(부산),유한회사 라인업 글로벌,후불)텔링크SK,김성수
S텔25472,민)윤샵(울산),통통텔레콤 전하점,후불)텔링크SK,김민준
S텔24092,민)윤샵(울산),통통텔레콤,후불)텔링크SK,김민준
S텔22920,민)윤샵(울산),통통텔레콤,후불)텔링크SK,김민준
S텔22919,민)윤샵(울산),통통텔레콤 방어진점,후불)텔링크SK,김민준
S텔20345,민)윤샵(울산),(주)윤샵,후불)텔링크SK,김민준
S텔26146,영)윤슬통신,윤슬통신,후불)텔링크SK,원세영
S텔17427,열)윤이나텔레콤(화성),윤이나텔레콤,후불)텔링크SK,박종열
S텔20852,수)윤텔레콤(안동),윤텔레콤,후불)텔링크SK,김성수
S텔21983,구)윤현통신(파주),윤현통신,후불)텔링크SK,서승구
S텔16365,웅)율리정보통신,율리정보통신,후불)텔링크SK,정선웅
S텔24579,열)으뜸네트워크,슈슈모바일,후불)텔링크SK,박종열
S텔24192,열)으뜸네트워크,퍼스트모바일,후불)텔링크SK,박종열
S텔24160,열)으뜸네트워크,주식회사왕산정보통신,후불)텔링크SK,박종열
S텔16499,구)으뜸통신(안양),으뜸통신,후불)텔링크SK,서승구
S텔21805,구)은갱텔레콤,은갱텔레콤,후불)텔링크SK,서승구
S텔16539,구)의형제,의형제,후불)텔링크SK,서승구
S텔16223,우)이노모바일,이노모바일,후불)텔링크SK,김선우
S텔20981,영)이니코,이니코,후불)텔링크SK,원세영
S텔24979,구)이다글로벌,쉐어드림 용인점,후불)텔링크SK,서승구
S텔24166,구)이다글로벌,휴대폰성지 중앙점,후불)텔링크SK,서승구
S텔22999,구)이다글로벌,휴대폰성지 도매폰 목동점,후불)텔링크SK,서승구
S텔22753,구)이다글로벌,쉐어드림 병점점,후불)텔링크SK,서승구
S텔21139,구)이다글로벌,미녀텔레콤,후불)텔링크SK,서승구
S텔21086,구)이다글로벌,휴대폰성지도매폰패밀리,후불)텔링크SK,서승구
S텔21040,구)이다글로벌,휴대폰성지 도매폰 반월점,후불)텔링크SK,서승구
S텔21011,구)이다글로벌,휴대폰성지 원곡점,후불)텔링크SK,서승구
S텔21004,구)이다글로벌,휴대폰성지 선부점,후불)텔링크SK,서승구
S텔21002,구)이다글로벌,휴대폰성지 도매폰 곡반점,후불)텔링크SK,서승구
S텔20982,구)이다글로벌,(주)이다글로벌송산점,후불)텔링크SK,서승구
S텔20980,구)이다글로벌,드래곤통신,후불)텔링크SK,서승구
S텔20978,구)이다글로벌,대박통신,후불)텔링크SK,서승구
S텔22032,수)이담통신(동두천),이담통신,후불)텔링크SK,김성수
S텔17170,수)이동통신프라자(송우),이동통신프라자,후불)텔링크SK,김성수
S텔23776,열)이련통신(서대문),이련통신서대문,후불)텔링크SK,박종열
S텔23513,열)이루다(오산),주식회사이루다태유-세교점,후불)텔링크SK,박종열
S텔23512,열)이루다(오산),주식회사이루다태유-오색시장점,후불)텔링크SK,박종열
S텔16314,열)이루다(오산),(주)이루다태유,후불)텔링크SK,박종열
S텔16616,구)이룸(은평),이룸통신,후불)텔링크SK,서승구
S텔21874,영)이비모바일(수원),이비모바일,후불)텔링크SK,원세영
S텔25942,구)이순신텔레콤(천안),이순신텔레콤,후불)텔링크SK,서승구
S텔22121,웅)이시스헬프,이시스헬프,후불)텔링크SK,정선웅
S텔24196,수)이안모바일(청라),이안모바일,후불)텔링크SK,김성수
S텔22739,열)이에스마켓(성남),이에스마켓,후불)텔링크SK,박종열
S텔17636,열)이오모바일,이오모바일,후불)텔링크SK,박종열
S텔23531,수)이원텔레콤(의정부),이원텔레콤,후불)텔링크SK,김성수
S텔25595,구)이즈앱(김해),이즈앱,후불)텔링크SK,서승구
S텔20452,웅)이지컴퍼니,이지컴퍼니,후불)텔링크SK,정선웅
S텔21809,웅)이지컴퍼니(남동구),이지코퍼레이션,후불)텔링크SK,정선웅
S텔23926,열)이천본가(이천),이천본가,후불)텔링크SK,박종열
S텔21853,영)이천시통신,이천시통신,후불)텔링크SK,원세영
S텔20895,웅)이천원탑,원탑,후불)텔링크SK,정선웅
S텔21531,구)이테르(일산),이테르,후불)텔링크SK,서승구
S텔17638,영)이펑휴대폰가게(평택),이펑휴대폰가게,후불)텔링크SK,원세영
S텔15833,웅)이화정보통신(대전),이화정보통신,후불)텔링크SK,정선웅
S텔16427,민)이환텔레콤,이환텔레콤,후불)텔링크SK,김민준
S텔21520,수)인스토어(포천),인스토어,후불)텔링크SK,김성수
S텔26464,민)인정보(강서),인정보,후불)텔링크SK,김민준
S텔20163,수)인피니티(덕소),인피니티 텔레콤,후불)텔링크SK,김성수
S텔21287,열)일등모바일(광주),일등모바일(광주),후불)텔링크SK,박종열
S텔20230,영)일통(대전),이글스 AURORA,후불)텔링크SK,원세영
S텔16495,영)임란모바일,임란모바일,후불)텔링크SK,원세영
S텔25515,영)자매통신(다산),자매통신,후불)텔링크SK,원세영
S텔21619,영)자몰마켓,자몰마켓,후불)텔링크SK,원세영
S텔25701,영)자몰마켓글로벌,자몰마켓글로벌,후불)텔링크SK,원세영
S텔24315,열)잡스네폰카페(이천),잡스네폰카페,후불)텔링크SK,박종열
S텔20162,수)잡스폰마트,잡스폰마트,후불)텔링크SK,김성수
S텔24480,열)장군(금천),장군,후불)텔링크SK,박종열
S텔21702,민)장승정보,장승정보,후불)텔링크SK,김민준
S텔18511,열)장흥통신(장흥),장흥통신,후불)텔링크SK,박종열
S텔20985,웅)재기통신,재기통신,후불)텔링크SK,정선웅
S텔25094,구)재하의세상,재하의세상,후불)텔링크SK,서승구
S텔20108,웅)전국텔레콤(김해),전국텔레콤,후불)텔링크SK,정선웅
S텔17641,민)점보텔레콤,점보텔레콤,후불)텔링크SK,김민준
S텔23760,구)정연텔레콤,정연텔레콤,후불)텔링크SK,서승구
S텔21305,민)정직한모바일(인천)/M,정직한모바일,후불)텔링크SK,김민준
S텔24015,구)정직한스토리(미아),정직한스토리,후불)텔링크SK,서승구
S텔21982,수)정직한휴대폰(오남),정직한휴대폰,후불)텔링크SK,김성수
S텔21205,열)정텔레콤(여주),JUNG텔레콤,후불)텔링크SK,박종열
S텔22187,수)정텔레콤(지금),정텔레콤,후불)텔링크SK,김성수
S텔21474,구)제로(관악),제로(관악),후불)텔링크SK,서승구
S텔16568,구)제로모바일,제로모바일,후불)텔링크SK,서승구
S텔20994,영)제로모바일(춘천),제로모바일,후불)텔링크SK,원세영
S텔25313,준)제미니그룹주식회사,제미니그룹㈜부천지점,후불)텔링크SK,황병준
S텔21656,준)제미니그룹주식회사,제미니그룹주식회사-수원경희대점,후불)텔링크SK,황병준
S텔16462,웅)제은통신,제은통신,후불)텔링크SK,정선웅
S텔25924,웅)제이모바일,제이모바일,후불)텔링크SK,정선웅
S텔25413,웅)제이모바일(마산),제이모바일,후불)텔링크SK,정선웅
S텔24113,구)제이비모바일(광주),제이비모바일,후불)텔링크SK,서승구
S텔21571,영)제이씨통신(석관동),제이씨정보통신,후불)텔링크SK,원세영
S텔25741,열)제이앤제이모바일(부산),제이앤제이모바일,후불)텔링크SK,박종열
S텔20160,수)제이에스(명일),JS텔레콤,후불)텔링크SK,김성수
S텔24527,민)제이엔비통신(김포),제이엔비통신,후불)텔링크SK,김민준
S텔25154,준)제이엠네트웍스(전주),제이엠네트웍스,후불)텔링크SK,황병준
S텔16331,웅)제이엠넷,제이엠넷,후불)텔링크SK,정선웅
S텔20900,웅)제이엠모바일(신도림),제이엠모바일,후불)텔링크SK,정선웅
S텔24076,구)제이엠통신(광진구),제이엠통신,후불)텔링크SK,서승구
S텔23400,구)제이와이컴퍼니(건대),제이와이컴퍼니,후불)텔링크SK,서승구
S텔23896,수)제이와이텔레콤,제이와이텔레콤,후불)텔링크SK,김성수
S텔23666,구)제이이동통신(속초),제이이동통신,후불)텔링크SK,서승구
S텔20734,수)제이정보통신(인천),제이정보통신,후불)텔링크SK,김성수
S텔25819,준)제이제이,휴대폰파는총각 동천점,후불)텔링크SK,황병준
S텔25650,준)제이제이,휴대폰파는총각,후불)텔링크SK,황병준
S텔25161,준)제이제이,휴대폰파는총각 월곡점,후불)텔링크SK,황병준
S텔24459,준)제이제이,휴대폰파는총각 사동점,후불)텔링크SK,황병준
S텔24328,준)제이제이,휴대폰파는총각 침산점,후불)텔링크SK,황병준
S텔24190,준)제이제이,휴대폰파는총각이시아폴리스점,후불)텔링크SK,황병준
S텔24119,준)제이제이,휴대폰파는총각 중산,후불)텔링크SK,황병준
S텔20478,준)제이제이,휴대폰파는총각 중산점,후불)텔링크SK,황병준
S텔20419,준)제이제이,휴대폰파는총각 이곡점,후불)텔링크SK,황병준
S텔20416,준)제이제이,침산통신,후불)텔링크SK,황병준
S텔20415,준)제이제이,휴대폰성지 휴대폰파는총각 월곡점,후불)텔링크SK,황병준
S텔20407,준)제이제이,만촌통신,후불)텔링크SK,황병준
S텔20406,준)제이제이,휴대폰파는총각 진천점,후불)텔링크SK,황병준
S텔20403,준)제이제이,휴대폰파는총각 신매광장점,후불)텔링크SK,황병준
S텔20401,준)제이제이,상인통신,후불)텔링크SK,황병준
S텔20395,준)제이제이,주식회사 제이제이컴퍼니 다사점,후불)텔링크SK,황병준
S텔20388,준)제이제이,주식회사 제이제이컴퍼니,후불)텔링크SK,황병준
S텔20384,준)제이제이,휴대폰파는총각 현풍테크노점,후불)텔링크SK,황병준
S텔20377,준)제이제이,휴대폰파는총각 칠곡3지구점,후불)텔링크SK,황병준
S텔21579,열)제이제이(오산),제이제이모바일,후불)텔링크SK,박종열
S텔22391,웅)제이제이네트웍스,주식회사 제이제이네트웍스,후불)텔링크SK,정선웅
S텔21434,수)제이제이모바일(광교),제이제이모바일 병점점,후불)텔링크SK,김성수
S텔21414,수)제이제이모바일(광교),제이제이모바일 광교점,후불)텔링크SK,김성수
S텔21728,열)제이컴퍼니(마포),제이컴퍼니,후불)텔링크SK,박종열
S텔20877,우)제이케이모바일,제이케이모바일,후불)텔링크SK,김선우
S텔24027,수)제이텔레콤(공주),제이텔레콤,후불)텔링크SK,김성수
S텔25003,열)제이텔레콤(중랑),제이텔레콤,후불)텔링크SK,박종열
S텔16419,구)제이투케이,제이투케이정보통신,후불)텔링크SK,서승구
S텔20622,준)제이플러스(망월사),제이플러스,후불)텔링크SK,황병준
S텔23481,열)제이피모바일,제이피모바일,후불)텔링크SK,박종열
S텔16333,구)조아텔레콤,조아텔레콤,후불)텔링크SK,서승구
S텔22086,열)조은통신(대전),조은통신,후불)텔링크SK,박종열
S텔25105,열)조은통신2(대전),조은통신원신흥점,후불)텔링크SK,박종열
S텔16614,웅)조이모바일,조이모바일,후불)텔링크SK,정선웅
S텔23707,웅)조이텔레콤(대전),조이텔레콤,후불)텔링크SK,정선웅
S텔20626,영)조프(장위),조프(장위),후불)텔링크SK,원세영
S텔16334,웅)종로프라자,종로프라자,후불)텔링크SK,정선웅
S텔22649,열)종합텔레콤(성남),(주)종합텔레콤,후불)텔링크SK,박종열
S텔25895,구)좋은선택주식회사,좋은선택 주식회사 운정점,후불)텔링크SK,서승구
S텔25894,구)좋은선택주식회사,좋은선택 주식회사 신원점,후불)텔링크SK,서승구
S텔20143,구)주니통신,주니통신,후불)텔링크SK,서승구
S텔16563,구)주모바일,주모바일,후불)텔링크SK,서승구
S텔21036,구)주식회사민국통신(전주),주식회사 민국통신,후불)텔링크SK,서승구
S텔23653,구)주식회사브이케이그룹(대전),(주)브이케이그룹,후불)텔링크SK,서승구
S텔26405,구)주식회사엔와이에스,(주)엔와이에스,후불)텔링크SK,서승구
S텔24788,구)주식회사올인정보통신(고양),주식회사 올인정보통신,후불)텔링크SK,서승구
S텔24185,구)주식회사휴먼네트웍스(울산),주식회사 휴먼네트웍스,후불)텔링크SK,서승구
S텔25811,준)주식회사미디어연(대전),미디어연선문대점,후불)텔링크SK,황병준
S텔25379,준)주식회사미디어연(대전),미디어연우송어학점,후불)텔링크SK,황병준
S텔25216,준)주식회사미디어연(대전),주식회사미디어연,후불)텔링크SK,황병준
S텔23504,열)주식회사벌집,(주)벌집전남대점,후불)텔링크SK,박종열
S텔23491,열)주식회사벌집,(주)벌집통신,후불)텔링크SK,박종열
S텔22375,열)주식회사벌집,주식회사벌집,후불)텔링크SK,박종열
S텔26047,구)주식회사비디통신(안산),주식회사 비디통신,후불)텔링크SK,서승구
S텔22142,구)주식회사엠케이그룹(시흥),주식회사 엠케이그룹,후불)텔링크SK,서승구
S텔26220,열)주식회사일함1,도매폰센터용죽점,후불)텔링크SK,박종열
S텔23008,열)주식회사친절한폰가게,친절한모바일,후불)텔링크SK,박종열
S텔22969,열)주식회사친절한폰가게,주식회사친절한폰가게파주청암,후불)텔링크SK,박종열
S텔22968,열)주식회사친절한폰가게,주식회사친절한폰가게,후불)텔링크SK,박종열
S텔22967,열)주식회사친절한폰가게,주식회사친절한폰가게일산서구,후불)텔링크SK,박종열
S텔22966,열)주식회사친절한폰가게,주식회사친절한폰가게파주가람,후불)텔링크SK,박종열
S텔22953,열)주식회사친절한폰가게,친절한컴퍼니,후불)텔링크SK,박종열
S텔25187,준)주식회사태산(소매),이룸모바일,후불)텔링크SK,황병준
S텔22047,준)주식회사태산(소매),휴대폰하우스지웰시티점,후불)텔링크SK,황병준
S텔22009,준)주식회사태산(소매),지원모바일(G1MOBILE),후불)텔링크SK,황병준
S텔21865,준)주식회사태산(소매),휴대폰하우스사직,후불)텔링크SK,황병준
S텔20906,준)주식회사태산(소매),주식회사 태산네트웍스 이마트점,후불)텔링크SK,황병준
S텔20899,준)주식회사태산(소매),주식회사 태산네트웍스 모충점,후불)텔링크SK,황병준
S텔20893,준)주식회사태산(소매),주식회사 태산네트웍스 천안점,후불)텔링크SK,황병준
S텔20891,준)주식회사태산(소매),주식회사 태산네트웍스 운천점,후불)텔링크SK,황병준
S텔20887,준)주식회사태산(소매),주식회사 태산네트웍스 청전점,후불)텔링크SK,황병준
S텔20880,준)주식회사태산(소매),이앤에프 가경점,후불)텔링크SK,황병준
S텔20879,준)주식회사태산(소매),주식회사 태산네트웍스 사직점,후불)텔링크SK,황병준
S텔20878,준)주식회사태산(소매),휴대폰하우스월평,후불)텔링크SK,황병준
S텔20876,준)주식회사태산(소매),주식회사 태산네트웍스 주중점,후불)텔링크SK,황병준
S텔20853,준)주식회사태산(소매),주식회사 태산네트웍스 동남점,후불)텔링크SK,황병준
S텔20848,준)주식회사태산(소매),주식회사 태산네트웍스 사천점,후불)텔링크SK,황병준
S텔20844,준)주식회사태산(소매),주식회사 태산네트웍스 가오점,후불)텔링크SK,황병준
S텔16546,준)주식회사태산(소매),주식회사 이룸,후불)텔링크SK,황병준
S텔25258,준)주식회사태산/M,콘스탄틴,후불)텔링크SK,황병준
S텔20902,준)주식회사태산/M,주식회사 태산네트웍스,후불)텔링크SK,황병준
S텔22817,열)주식회사폰탑(부산),주식회사폰탑(영도점),후불)텔링크SK,박종열
S텔22364,열)주식회사폰탑(부산),주식회사폰탑(경주점),후불)텔링크SK,박종열
S텔22320,열)주식회사폰탑(부산),주식회사폰탑(진영점),후불)텔링크SK,박종열
S텔21326,열)주식회사폰탑(부산),주식회사폰탑,후불)텔링크SK,박종열
S텔21083,열)주식회사폰탑(부산),주식회사폰탑(신다대점),후불)텔링크SK,박종열
S텔21047,열)주식회사폰탑(부산),주식회사폰탑(신평점),후불)텔링크SK,박종열
S텔21023,열)주식회사폰탑(부산),㈜폰탑(장림점),후불)텔링크SK,박종열
S텔21016,열)주식회사폰탑(부산),주식회사폰탑(감천점),후불)텔링크SK,박종열
S텔16324,웅)주연통신,주연통신,후불)텔링크SK,정선웅
S텔22991,열)주영텔레콤(성남),주영텔레콤,후불)텔링크SK,박종열
S텔18854,열)주왕모바일(광주),주왕모바일,후불)텔링크SK,박종열
S텔21072,우)주인텔레콤,피앤피텔레콤,후불)텔링크SK,김선우
S텔26312,우)주인텔레콤,주식회사 주인텔레콤,후불)텔링크SK,김선우
S텔20885,수)준모바일(왕십리),준모바일,후불)텔링크SK,김성수
S텔25214,수)준앤씨(왕십리),준앤씨,후불)텔링크SK,김성수
S텔16420,민)준텔레콤,준텔레콤,후불)텔링크SK,김민준
S텔21028,수)준텔레콤(계룡),준텔레콤,후불)텔링크SK,김성수
S텔18444,우)준텔레콤(병점),준텔레콤(병점),후불)텔링크SK,김선우
S텔23899,구)준텔레콤(익산),준텔레콤 익산,후불)텔링크SK,서승구
S텔23454,수)준텔레콤(정산),준텔레콤 정산점,후불)텔링크SK,김성수
S텔25242,웅)중고나라 덕포글로벌통신,중고나라 덕포글로벌통신,후불)텔링크SK,정선웅
S텔20934,영)중고폰1번가본점,중고폰1번가,후불)텔링크SK,원세영
S텔20923,영)중고폰1번가삼례점,중고폰1번가삼례점,후불)텔링크SK,원세영
S텔20883,수)중고폰매입선불폰폰나라(수원),수원중고폰매입선불폰 폰나라,후불)텔링크SK,김성수
S텔25758,우)중고폰할인마트 폰당폰향동점,중고폰할인마트 폰당폰향동점,후불)텔링크SK,김선우
S텔21062,구)중부비즈네트웍스(청주),중부비즈네트웍스,후불)텔링크SK,서승구
S텔25805,수)중앙직영통신(성남),중앙직영통신,후불)텔링크SK,김성수
S텔20299,영)중앙텔레콤,중앙텔레콤,후불)텔링크SK,원세영
S텔15782,영)중원텔레콤(괴산점),중원텔레콤,후불)텔링크SK,원세영
S텔22787,열)쥬네브프라자(동백),쥬네브프라자,후불)텔링크SK,박종열
S텔16209,우)즐펀텔레콤,즐펀텔레콤,후불)텔링크SK,김선우
S텔23706,수)즐펀텔레콤(공릉),즐펀텔레콤 공릉,후불)텔링크SK,김성수
S텔20268,영)지구별(평택),주식회사 지구별,후불)텔링크SK,원세영
S텔24036,준)지명(의정부),지명,후불)텔링크SK,황병준
S텔25823,열)지미컴퍼니(관악),지미컴퍼니,후불)텔링크SK,박종열
S텔20281,웅)지상통신(월곡),지상통신,후불)텔링크SK,정선웅
S텔24618,수)지엔케이글로벌(청주),지엔케이글로벌,후불)텔링크SK,김성수
S텔21901,수)지오텔레콤(동두천),지오텔레콤,후불)텔링크SK,김성수
S텔18551,구)지우모바일땅폰영도점(부산),지우모바일(땅폰영도점),후불)텔링크SK,서승구
S텔22743,열)지우통신(화성),지우통신,후불)텔링크SK,박종열
S텔22096,웅)지운통신,지운통신,후불)텔링크SK,정선웅
S텔16444,구)지인텔레콤,지인텔레콤,후불)텔링크SK,서승구
S텔24154,수)지혜정보(왕십리),지혜정보2,후불)텔링크SK,김성수
S텔15929,열)진양텔레콤(화성),진양텔레콤,후불)텔링크SK,박종열
S텔21831,구)진주1등텔레콤,진주1등텔레콤,후불)텔링크SK,서승구
S텔21574,구)진주아이폰수리중고폰,진주아이폰수리중고폰,후불)텔링크SK,서승구
S텔25767,수)진주폰(대전),진주폰,후불)텔링크SK,김성수
S텔21221,열)진통신(여주),세희통신,후불)텔링크SK,박종열
S텔24006,수)짱텔레콤(답십리),짱텔레콤,후불)텔링크SK,김성수
S텔21233,영)짱통신,짱통신,후불)텔링크SK,원세영
S텔24876,수)쩨리(부산),쩨리,후불)텔링크SK,김성수
S텔26448,수)쩨리(부산),제리,후불)텔링크SK,김성수
S텔17654,구)쭌텔레콤(강서),쭌텔레콤(강서),후불)텔링크SK,서승구
S텔24474,수)착한가게(가든파이브),착한가게,후불)텔링크SK,김성수
S텔16487,구)착한총각네폰가게(안양),착한총각네폰가게,후불)텔링크SK,서승구
S텔25299,열)착한통신(고현점),착한통신 고현점,후불)텔링크SK,박종열
S텔22129,열)착한통신(광주),착한통신,후불)텔링크SK,박종열
S텔23961,열)착한통신(향남),착한통신,후불)텔링크SK,박종열
S텔16476,준)착한핸드폰가게,착한 핸드폰가게,후불)텔링크SK,황병준
S텔21190,열)착한휴대폰(대전),하나로블루통신,후불)텔링크SK,박종열
S텔19104,열)착한휴대폰(대전),착한휴대폰,후불)텔링크SK,박종열
S텔26295,영)착한휴대폰가게(세종),착한휴대폰가게,후불)텔링크SK,원세영
S텔22090,구)찬성통신(구로),찬성통신(구로),후불)텔링크SK,서승구
S텔24770,영)참신한(강변TM),참신한,후불)텔링크SK,원세영
S텔20385,구)참통신(고양),휴대폰성지참통신,후불)텔링크SK,서승구
S텔25750,수)창러(대구),창러,후불)텔링크SK,김성수
S텔21586,수)채봉통신(안산),채봉통신,후불)텔링크SK,김성수
S텔16562,구)천안모바일,천안모바일,후불)텔링크SK,서승구
S텔23888,수)천하모바일(봉천),천하모바일,후불)텔링크SK,김성수
S텔25467,구)철이네통신(영천),철이네통신,후불)텔링크SK,서승구
S텔22184,수)청년폰(계룡),청년폰,후불)텔링크SK,김성수
S텔20372,웅)청년휴대폰(아산),청년휴대폰 풍기점,후불)텔링크SK,정선웅
S텔21605,웅)청년휴대폰(천안),신방동 청년휴대폰,후불)텔링크SK,정선웅
S텔23194,웅)청년휴대폰(행목로),청년휴대폰,후불)텔링크SK,정선웅
S텔21652,준)청담통신(삼성동),청담통신,후불)텔링크SK,황병준
S텔26365,민)청북휴대폰성지 휴대폰백화점(평택),청북휴대폰성지휴대폰백화점,후불)텔링크SK,김민준
S텔21815,수)청춘텔레콤(일산),청춘텔레콤,후불)텔링크SK,김성수
S텔23678,열)청춘텔레콤(진해),이씨통신,후불)텔링크SK,박종열
S텔17656,우)체화모바일,체화모바일,후불)텔링크SK,김선우
S텔25407,민)초이스모바일(신도림),초이스모바일,후불)텔링크SK,김민준
S텔23949,열)초이스커뮤니티(노원),초이스커뮤니티,후불)텔링크SK,박종열
S텔17445,구)총각네텔레콤(안양),총각네텔레콤(안양),후불)텔링크SK,서승구
S텔21678,웅)총각네폰가게,총각네폰가게,후불)텔링크SK,정선웅
S텔23177,영)최강케이스(부평),최강케이스,후불)텔링크SK,원세영
S텔20313,열)최고통신(용인),최고,후불)텔링크SK,박종열
S텔24813,수)최싸폰(구미봉곡점),최싸폰 봉곡점,후불)텔링크SK,김성수
S텔25443,수)최싸폰(울산 신정점),최싸폰 신정점,후불)텔링크SK,김성수
S텔26166,수)최싸폰(창원진해점),휴대폰성지,후불)텔링크SK,김성수
S텔22132,수)친구통신(상주),친구통신,후불)텔링크SK,김성수
S텔26096,구)친구통신(상주),친구통신,후불)텔링크SK,서승구
S텔24423,수)친절한통신(파주),친절한통신,후불)텔링크SK,김성수
S텔21194,구)카페통신,카페통신,후불)텔링크SK,서승구
S텔21123,영)캄코텍(수원),캄코텍,후불)텔링크SK,원세영
S텔20321,수)컴사요(대구),컴사요 (comsayo),후불)텔링크SK,김성수
S텔24073,수)컴퓨터소모품이야기(진접),컴퓨터&소모품이야기,후불)텔링크SK,김성수
S텔25849,구)케이모바일대야역점(시흥),케이모바일(대야역점),후불)텔링크SK,서승구
S텔25553,구)케이모바일원종2호점(부천),케이모바일원종2호점,후불)텔링크SK,서승구
S텔23191,구)케이모바일(목동사거리점),제이디모바일(목동사거리점),후불)텔링크SK,서승구
S텔21580,구)케이모바일(부천역점),제이디모바일(부천역점),후불)텔링크SK,서승구
S텔23544,열)케이모바일(부천자유시장),케이모바일(부천자유시장),후불)텔링크SK,박종열
S텔20601,구)케이모바일(송내),제이디모바일(송내점),후불)텔링크SK,서승구
S텔22695,열)케이모바일(신중동역점),케이모바일(신중동역점),후불)텔링크SK,박종열
S텔22754,열)케이모바일(신중동점),케이모바일,후불)텔링크SK,박종열
S텔23908,구)케이모바일(원종점),케이모바일 원종점,후불)텔링크SK,서승구
S텔21378,구)케이모바일(현대점),케이모바일(현대점),후불)텔링크SK,서승구
S텔17452,열)케이모바일(화성),케이모바일,후불)텔링크SK,박종열
S텔21087,수)케이비(영등포),케이비(KB)통신,후불)텔링크SK,김성수
S텔23403,우)케이비에이코리아,(주)케이비에이코리아,후불)텔링크SK,김선우
S텔21572,수)케이에스(덕소),케이에스텔레콤2호점,후불)텔링크SK,김성수
S텔25304,웅)케이에스엠,케이에스엠,후불)텔링크SK,정선웅
S텔21048,구)케이에스엠모바일,케이에스엠모바일,후불)텔링크SK,서승구
S텔21707,영)케이엘모바일(주),주식회사 케이엘모바일,후불)텔링크SK,원세영
S텔16227,우)케이엠텔레콤,케이엠텔레콤,후불)텔링크SK,김선우
S텔24856,구)케이제이,유니버셜모빌리티,후불)텔링크SK,서승구
S텔24310,구)케이제이,몽키폰율하점,후불)텔링크SK,서승구
S텔23893,구)케이제이,휴대폰공장(김해점),후불)텔링크SK,서승구
S텔22866,구)케이제이,삼총사텔레콤,후불)텔링크SK,서승구
S텔22865,구)케이제이,명진텔레콤,후불)텔링크SK,서승구
S텔22806,구)케이제이,강남모바일,후불)텔링크SK,서승구
S텔22803,구)케이제이,써니모바일,후불)텔링크SK,서승구
S텔22794,구)케이제이,캡틴,후불)텔링크SK,서승구
S텔22786,구)케이제이,짱구폰,후불)텔링크SK,서승구
S텔22766,구)케이제이,최강모바일,후불)텔링크SK,서승구
S텔22708,구)케이제이,돼지통신,후불)텔링크SK,서승구
S텔22682,구)케이제이,웅모바일,후불)텔링크SK,서승구
S텔22628,구)케이제이,심형,후불)텔링크SK,서승구
S텔22627,구)케이제이,봉봉모바일,후불)텔링크SK,서승구
S텔22601,구)케이제이,에스제이(SJ)모바일,후불)텔링크SK,서승구
S텔22578,구)케이제이,주식회사 이룸네트웍스,후불)텔링크SK,서승구
S텔22574,구)케이제이,몽키텔레콤,후불)텔링크SK,서승구
S텔22567,구)케이제이,(주)기분좋은대리점,후불)텔링크SK,서승구
S텔22564,구)케이제이,하나텔레콤,후불)텔링크SK,서승구
S텔22556,구)케이제이,에스제이모바일,후불)텔링크SK,서승구
S텔22555,구)케이제이,리치텔레콤,후불)텔링크SK,서승구
S텔22536,구)케이제이,엔에스모바일,후불)텔링크SK,서승구
S텔22530,구)케이제이,노원(NO.ONE,후불)텔링크SK,서승구
S텔22511,구)케이제이,하니모바일500,후불)텔링크SK,서승구
S텔22504,구)케이제이,서강컴퍼니본점,후불)텔링크SK,서승구
S텔22475,구)케이제이,휴대폰성지119모바일,후불)텔링크SK,서승구
S텔22465,구)케이제이,케이제이,후불)텔링크SK,서승구
S텔22421,구)케이제이,억조정보통신,후불)텔링크SK,서승구
S텔22414,구)케이제이,정모바일,후불)텔링크SK,서승구
S텔22395,구)케이제이,김서방텔레콤,후불)텔링크SK,서승구
S텔22393,구)케이제이,혜자텔레콤,후불)텔링크SK,서승구
S텔21510,구)케이제이,위너스텔레콤,후불)텔링크SK,서승구
S텔20616,구)케이제이,수아모바일,후불)텔링크SK,서승구
S텔20447,구)케이제이,케이제이모바일,후불)텔링크SK,서승구
S텔20443,구)케이제이,제이에스,후불)텔링크SK,서승구
S텔21723,열)케이제이통신(위례),케이제이통신,후불)텔링크SK,박종열
S텔20742,웅)케이케이엠(유),케이케이엠(유),후불)텔링크SK,정선웅
S텔20390,우)코리아텔레콤,코리아텔레콤,후불)텔링크SK,김선우
S텔20319,웅)쿠모바일,쿠모바일,후불)텔링크SK,정선웅
S텔20308,민)쿠키모바일(인천),쿠키모바일,후불)텔링크SK,김민준
S텔24038,영)쿠키정보,쿠키정보(남문직영점),후불)텔링크SK,원세영
S텔23496,수)쿠팡모바일(파주),쿠팡모바일,후불)텔링크SK,김성수
S텔16545,웅)쿨정보통신,쿨정보통신,후불)텔링크SK,정선웅
S텔25523,열)퀸모바일(김해),퀸모바일,후불)텔링크SK,박종열
S텔21674,준)큐브모바일(안양),큐브,후불)텔링크SK,황병준
S텔20435,준)큐브모바일(안양),큐브모바일,후불)텔링크SK,황병준
S텔22730,웅)큐큐트레이드(구로),주식회사 큐큐트레이드,후불)텔링크SK,정선웅
S텔21355,수)큐텔레콤(의정부),큐텔레콤,후불)텔링크SK,김성수
S텔22000,영)큐피드텔레콤,큐피드텔레콤,후불)텔링크SK,원세영
S텔23703,열)크리스텔(중앙점),크리스텔중앙점,후불)텔링크SK,박종열
S텔20970,열)크리스텔통신(성남),크리스텔통신,후불)텔링크SK,박종열
S텔21445,민)클릭모바일(부천),클릭모바일,후불)텔링크SK,김민준
S텔16326,웅)클릭이동통신,클릭이동통신,후불)텔링크SK,정선웅
S텔23299,구)클릭폰(부산),클릭폰,후불)텔링크SK,서승구
S텔21659,열)킹모바일(오산),킹모바일2,후불)텔링크SK,박종열
S텔23936,수)킹모바일(용산),킹모바일,후불)텔링크SK,김성수
S텔22477,우)킹스모바일,킹스모바일,후불)텔링크SK,김선우
S텔21854,웅)킹텔,킹텔,후불)텔링크SK,정선웅
S텔21673,구)킹텔레콤(서산시),킹텔레콤,후불)텔링크SK,서승구
S텔21640,수)타이거모바일(미사),타이거 모바일,후불)텔링크SK,김성수
S텔15902,구)타임텔레콤(대전),타임텔레콤,후불)텔링크SK,서승구
S텔22063,수)탄현폰(일산),탄현폰,후불)텔링크SK,김성수
S텔24859,영)탑정보통신(군포),탑정보통신,후불)텔링크SK,원세영
S텔26128,민)탑정보통신(시흥),탑정보통신,후불)텔링크SK,김민준
S텔22178,수)탑텔레콤,탑 텔레콤,후불)텔링크SK,김성수
S텔24868,웅)탑통신(거제),탑통신,후불)텔링크SK,정선웅
S텔25427,웅)탑통신(마산),탑통신,후불)텔링크SK,정선웅
S텔24014,웅)탕정정보통신,탕정정보통신,후불)텔링크SK,정선웅
S텔21020,열)태광정보통신(광주),태광정보통신,후불)텔링크SK,박종열
S텔23980,열)태리텔레콤(부천),태리텔레콤,후불)텔링크SK,박종열
S텔20882,영)태성여행사(안산),태성여행사,후불)텔링크SK,원세영
S텔23930,수)태양정보(구리),태양정보통신,후불)텔링크SK,김성수
S텔24937,열)태양정보통신(성남),태양정보통신,후불)텔링크SK,박종열
S텔25584,열)태양정보통신(중원),태양정보통신,후불)텔링크SK,박종열
S텔23784,구)태태통신,태태통신,후불)텔링크SK,서승구
S텔15906,수)태현정보통신(대전),태현정보통신,후불)텔링크SK,김성수
S텔18860,열)태형정보(광주),태형정보,후불)텔링크SK,박종열
S텔21101,구)태화텔레콤,태화텔레콤,후불)텔링크SK,서승구
S텔24338,웅)택하다(안성),택하다,후불)텔링크SK,정선웅
S텔25365,영)테아잉총합무역,테아잉총합무역,후불)텔링크SK,원세영
S텔23693,열)테크노본가(이천),테크노정보통신,후불)텔링크SK,박종열
S텔20245,수)테크노정보(광진구),테크노정보통신,후불)텔링크SK,김성수
S텔22666,열)테크타운(군포),테크타운,후불)텔링크SK,박종열
S텔20380,구)토리모바일(일산),토리모바일,후불)텔링크SK,서승구
S텔20374,영)통신나라(부천),통신나라(부천),후불)텔링크SK,원세영
S텔24212,구)통신매니아(전주),통신매니아 전주,후불)텔링크SK,서승구
S텔24331,구)통신천하(광주),통신천하,후불)텔링크SK,서승구
S텔24537,수)통진아저씨,통진아저씨,후불)텔링크SK,김성수
S텔20857,우)투노텔레콤,투노,후불)텔링크SK,김선우
S텔24013,열)투데이모바일(수원),투데이모바일,후불)텔링크SK,박종열
S텔21492,수)투에이치(군포),투에이치(Two H),후불)텔링크SK,김성수
S텔21845,영)투헝통신(시흥),투헝통신,후불)텔링크SK,원세영
S텔21286,웅)튀블리,튀블리,후불)텔링크SK,정선웅
S텔23746,영)트리플에스(송파),트리플에스,후불)텔링크SK,원세영
S텔20974,영)트윈통신,트윈통신,후불)텔링크SK,원세영
S텔24528,영)티베이코퍼레이션(수원),오산프로도,후불)텔링크SK,원세영
S텔22804,영)티베이코퍼레이션(수원),오산프로도,후불)텔링크SK,원세영
S텔22770,영)웰컴(수원),글로벌텔레콤,후불)텔링크SK,원세영
S텔21626,영)티베이코퍼레이션(수원),플레이모바일,후불)텔링크SK,원세영
S텔20989,웅)티앤에스마케팅,주식회사 티앤에스마케팅,후불)텔링크SK,정선웅
S텔23350,열)티앤티(중랑),티앤티,후불)텔링크SK,박종열
S텔22561,웅)티엔샵,티엔샵 THAI NGAN SHOP,후불)텔링크SK,정선웅
S텔26413,수)티제이모바일(옥정),티제이모바일,후불)텔링크SK,김성수
S텔20166,수)티케이씨모바일(의정부),티케이씨모바일,후불)텔링크SK,김성수
S텔21003,민)티플러스(대림),티플러스,후불)텔링크SK,김민준
S텔22241,민)파란모바일,파란모바일도화점,후불)텔링크SK,김민준
S텔22229,민)파란모바일,파란모바일,후불)텔링크SK,김민준
S텔16509,구)파란텔레콤(춘천),파란텔레콤,후불)텔링크SK,서승구
S텔23794,구)파워텔레콤(영등포구),파워텔레콤,후불)텔링크SK,서승구
S텔23615,열)파워통신(아산),파워통신,후불)텔링크SK,박종열
S텔26343,수)파주휴대폰성지운정점,파주휴대폰성지운정점,후불)텔링크SK,김성수
S텔26442,열)판다텔레콤,판다폰,후불)텔링크SK,박종열
S텔22998,열)판다텔레콤(천안),판다텔레콤,후불)텔링크SK,박종열
S텔24289,열)판다텔레콤2(천안),판다텔레콤,후불)텔링크SK,박종열
S텔20235,준)판다통신,판다통신,후불)텔링크SK,황병준
S텔17711,준)판다통신,판다통신고려대점,후불)텔링크SK,황병준
S텔20689,웅)판매왕,판매왕,후불)텔링크SK,정선웅
S텔22125,영)패밀리데이,패밀리데이,후불)텔링크SK,원세영
S텔22051,수)패밀리통신(대림),패밀리통신,후불)텔링크SK,김성수
S텔21648,준)브라더,펀모바일,후불)텔링크SK,황병준
S텔20573,영)평택모바일(평택),평택모바일,후불)텔링크SK,원세영
S텔25980,열)평택본가,평택본가,후불)텔링크SK,박종열
S텔17857,영)평택아저씨,평택아저씨,후불)텔링크SK,원세영
S텔24580,구)포비텔레콤(태백),포비텔레콤,후불)텔링크SK,서승구
S텔21905,수)폰82,폰(Phone)+82,후불)텔링크SK,김성수
S텔25958,영)폰82(신기점),폰82,후불)텔링크SK,원세영
S텔25348,수)폰꾸모바일(문산),폰꾸모바일,후불)텔링크SK,김성수
S텔21333,영)폰나라2(수원),폰나라2,후불)텔링크SK,원세영
S텔20140,민)폰닥터,폰닥터,후불)텔링크SK,김민준
S텔21857,우)폰당포,폰당포,후불)텔링크SK,김선우
S텔24737,우)폰당포(마곡점),서울중고폰 폰당포 마곡점,후불)텔링크SK,김선우
S텔25057,열)폰마켓(강동),성공통신 건대점,후불)텔링크SK,박종열
S텔23216,열)폰마켓(강동),폰마켓강동,후불)텔링크SK,박종열
S텔16537,구)폰마트(석남동),폰마트,후불)텔링크SK,서승구
S텔25730,영)폰마트(인천),폰마트,후불)텔링크SK,원세영
S텔22748,열)폰마트양동점(양평),폰마트(양동점),후불)텔링크SK,박종열
S텔20775,열)폰매니아(이천),폰매니아,후불)텔링크SK,박종열
S텔25979,민)폰몬스터(화성),폰몬스터,후불)텔링크SK,김민준
S텔16516,구)폰무원,폰무원,후불)텔링크SK,서승구
S텔20283,구)폰뱅크,폰뱅크,후불)텔링크SK,서승구
S텔20748,구)폰부스(익산시),폰부스(익산점),후불)텔링크SK,서승구
S텔22572,수)폰부스직영점(오산),폰부스직영점,후불)텔링크SK,김성수
S텔16549,웅)폰사랑,폰사랑,후불)텔링크SK,정선웅
S텔22304,웅)폰사랑(강릉),폰사랑,후불)텔링크SK,정선웅
S텔20798,수)폰사랑(김포),폰사랑,후불)텔링크SK,김성수
S텔22750,열)폰사무소(관악),폰사무소,후불)텔링크SK,박종열
S텔22041,영)폰생폰사,폰생폰사,후불)텔링크SK,원세영
S텔21057,구)폰샵,폰샵,후불)텔링크SK,서승구
S텔25694,열)폰샵(부산),폰샵,후불)텔링크SK,박종열
S텔25370,열)폰설팅(평택),폰설팅(평택),후불)텔링크SK,박종열
S텔25838,웅)폰스(대전),폰스,후불)텔링크SK,정선웅
S텔25327,수)폰스테이지,폰스테이지,후불)텔링크SK,김성수
S텔23308,수)폰스토리(창동),폰스토리,후불)텔링크SK,김성수
S텔15860,수)폰스토어(대전),폰스토어,후불)텔링크SK,김성수
S텔20366,영)폰스토어(이천),폰스토어,후불)텔링크SK,원세영
S텔20881,수)폰아울렛(포천),폰아울렛 본점,후불)텔링크SK,김성수
S텔23954,준)폰앤컴(상주),폰앤컴,후불)텔링크SK,황병준
S텔18400,수)폰앤케이스(대구),폰&케이스,후불)텔링크SK,김성수
S텔22074,구)폰앤톡(고양),㈜폰앤톡 운정점,후불)텔링크SK,서승구
S텔22073,구)폰앤톡(고양),㈜폰앤톡 라페도매폰,후불)텔링크SK,서승구
S텔22072,구)폰앤톡(고양),폰앤톡,후불)텔링크SK,서승구
S텔22580,열)폰요기요(오산),폰요기요,후불)텔링크SK,박종열
S텔22313,웅)폰이팡,폰이팡중고폰선불폰일산주엽점,후불)텔링크SK,정선웅
S텔21898,웅)폰이팡(수원),폰이팡 중고폰 선불폰 수청시청역점,후불)텔링크SK,정선웅
S텔21852,수)폰친구(공릉),폰친구,후불)텔링크SK,김성수
S텔26453,민)폰카페(파주),폰카페,후불)텔링크SK,김민준
S텔22013,수)폰통신(오산),폰통신,후불)텔링크SK,김성수
S텔22525,영)폰포유,폰포유2,후불)텔링크SK,원세영
S텔20320,열)폰프렌즈(이천),폰프렌즈,후불)텔링크SK,박종열
S텔23887,구)폰플러스(전주),폰플러스 전주,후불)텔링크SK,서승구
S텔25708,열)폰하우스(평택),폰하우스,후불)텔링크SK,박종열
S텔22673,영)폰할인연구소,폰할인연구소,후불)텔링크SK,원세영
S텔21472,영)폼크메르모바일(안산),폼크메르 모바일,후불)텔링크SK,원세영
S텔23450,구)푸른정보통신(중랑),푸른정보통신,후불)텔링크SK,서승구
S텔22029,수)프라임(호평),프라임,후불)텔링크SK,김성수
S텔16431,열)프라임모바일,프라임모바일,후불)텔링크SK,박종열
S텔22243,영)프렌들리(광진),프렌들리모바일(광진),후불)텔링크SK,원세영
S텔22022,수)프렌즈(석남),프렌즈텔레콤,후불)텔링크SK,김성수
S텔23802,영)프로모바일(화곡),프로모바일(화곡),후불)텔링크SK,원세영
S텔22491,구)프로통신(송파),프로통신,후불)텔링크SK,서승구
S텔25628,수)프리모바일(답십리),프리모바일,후불)텔링크SK,김성수
S텔22934,웅)프리페이폰,프리페이폰,후불)텔링크SK,정선웅
S텔22699,구)플러스통신(안양),플러스통신,후불)텔링크SK,서승구
S텔21071,수)피아이텔레콤(진접),피아이 텔레콤,후불)텔링크SK,김성수
S텔24399,수)피에스타(가든파이브),피에스타,후불)텔링크SK,김성수
S텔21915,수)피에스텔레콤(산본),피에스텔레콤(산본점),후불)텔링크SK,김성수
S텔22002,수)피에스텔레콤(송파),피에스텔레콤,후불)텔링크SK,김성수
S텔22014,수)피엔모바일(다산),피엔모바일,후불)텔링크SK,김성수
S텔24204,수)피엠에스(가평),피엠에스 가평,후불)텔링크SK,김성수
S텔16388,웅)피치모바일,피치모바일,후불)텔링크SK,정선웅
S텔23560,열)피카소(안성),피카소,후불)텔링크SK,박종열
S텔23462,웅)픽스모바일,픽스모바일,후불)텔링크SK,정선웅
S텔24035,웅)픽스퀵주식회사(수유),픽스퀵주식회사,후불)텔링크SK,정선웅
S텔20990,구)필 이동통신,필 이동통신,후불)텔링크SK,서승구
S텔22240,우)필모바일(포승),필모바일,후불)텔링크SK,김선우
S텔22253,수)핏불텔레콤(중랑),핏불텔레콤,후불)텔링크SK,김성수
S텔22087,수)핑크모바일(송우),핑크텔레콤,후불)텔링크SK,김성수
S텔22310,영)하나로플러스,하나로플러스(야탑),후불)텔링크SK,원세영
S텔21375,구)하나모바일,하나모바일,후불)텔링크SK,서승구
S텔22761,영)하나모바일(부평),하나모바일,후불)텔링크SK,원세영
S텔22298,민)하나정보통신(부천),하나정보통신,후불)텔링크SK,김민준
S텔24041,열)하나텔레콤(장흥),하나텔레콤(장흥),후불)텔링크SK,박종열
S텔21685,수)하녀텔레콤,하녀텔레콤,후불)텔링크SK,김성수
S텔16416,열)하늘정보통신,하늘정보통신,후불)텔링크SK,박종열
S텔19608,영)하늘텔레콤(성남),하늘텔레콤,후불)텔링크SK,원세영
S텔24867,열)하랑(나주),하랑,후불)텔링크SK,박종열
S텔22660,구)하랑텔레콤(안산),하랑텔레콤,후불)텔링크SK,서승구
S텔21612,구)하루모바일(미아),하루모바일,후불)텔링크SK,서승구
S텔25160,민)하루모바일(의정부),하루모바일,후불)텔링크SK,김민준
S텔23185,영)하연정보,하연정보,후불)텔링크SK,원세영
S텔24051,웅)하영통신(금촌),하영통신,후불)텔링크SK,정선웅
S텔24523,웅)하오남모바일(논산),하오남모바일,후불)텔링크SK,정선웅
S텔22902,영)하은모바일(평택),하은 모바일,후불)텔링크SK,원세영
S텔25866,수)하이컴퍼니(종로),하이컴퍼니,후불)텔링크SK,김성수
S텔24451,구)하이텔레콤,하이텔레콤,후불)텔링크SK,서승구
S텔24053,수)하이퍼아이앤씨(금촌),하이퍼아이앤씨,후불)텔링크SK,김성수
S텔25408,구)하이휴대폰이야(김해),하이휴대폰이야,후불)텔링크SK,서승구
S텔20303,열)한강(봉천),한강(봉천),후불)텔링크SK,박종열
S텔22668,구)한결통신(상주),한결통신,후불)텔링크SK,서승구
S텔22912,영)한국통신비연구소(이천),한국통신비연구소,후불)텔링크SK,원세영
S텔21585,구)한길정보(전주),한길정보,후불)텔링크SK,서승구
S텔17244,수)한길텔레콤(강남),한길텔레콤,후불)텔링크SK,김성수
S텔25234,열)한마음네트웍스(광주),한마음네트웍스,후불)텔링크SK,박종열
S텔24246,열)한마음네트웍스(광주임동),한마음네트웍스,후불)텔링크SK,박종열
S텔16055,구)한백이동통신완주점,한백이동통신완주점,후불)텔링크SK,서승구
S텔20928,열)한별통신(대전),한별통신,후불)텔링크SK,박종열
S텔25982,민)한빛정보통신(부평),한빛정보통신,후불)텔링크SK,김민준
S텔21448,열)한빛통신(동대문),한빛통신,후불)텔링크SK,박종열
S텔24337,수)한성텔레콤(관악),한성텔레콤,후불)텔링크SK,김성수
S텔21742,영)한성통신(용인),한성통신(용인),후불)텔링크SK,원세영
S텔24586,수)한솔(의정부),한솔,후불)텔링크SK,김성수
S텔21745,열)한스컴퍼니,한스컴퍼니,후불)텔링크SK,박종열
S텔22004,수)한씨네텔레콤(강동),한씨네텔레콤,후불)텔링크SK,김성수
S텔20238,영)한우물통신,한우물통신,후불)텔링크SK,원세영
S텔23323,영)한진텔레콤,한진텔레콤,후불)텔링크SK,원세영
S텔25681,구)할인모바일(구리),할인모바일,후불)텔링크SK,서승구
S텔25977,민)해달컴퍼니(파주),해달컴퍼니,후불)텔링크SK,김민준
S텔22321,구)해리상회(고창),해리상회(고창),후불)텔링크SK,서승구
S텔20969,수)해주통신(수진),해주통신,후불)텔링크SK,김성수
S텔21369,구)해피모바일(군산),해피모바일,후불)텔링크SK,서승구
S텔26226,열)해피모바일(월곡본점),휴대폰성지해피모바일월곡본점,후불)텔링크SK,박종열
S텔21620,열)해피밸리통신(광주),해피밸리통신,후불)텔링크SK,박종열
S텔24383,수)핸드폰가게(덕소),핸드폰가게덕소,후불)텔링크SK,김성수
S텔21953,영)핸드폰마켓(부평),핸드폰마켓 갈산,후불)텔링크SK,원세영
S텔20338,준)핸프모바일(중랑),핸프모바일(중랑),후불)텔링크SK,황병준
S텔20456,영)행복모바일(부천),행복모바일,후불)텔링크SK,원세영
S텔19983,웅)행복텔레콤(김해),웅)행복텔레콤(김해),후불)텔링크SK,정선웅
S텔16599,민)행복텔레콤(문래),행복텔레콤,후불)텔링크SK,김민준
S텔16491,열)행복통신(성남),행복통신2,후불)텔링크SK,박종열
S텔20159,수)행복통신(암사),행복통신,후불)텔링크SK,김성수
S텔20310,구)행복통신(양주),행복통신(양주),후불)텔링크SK,서승구
S텔25103,구)행복통신(용산),행복통신,후불)텔링크SK,서승구
S텔25145,열)행복통신(창원),휴대폰성지,후불)텔링크SK,박종열
S텔22759,열)행복통신(창원),행복통신,후불)텔링크SK,박종열
S텔21056,영)행복한남매통신(목동),행복한남매통신,후불)텔링크SK,원세영
S텔21157,영)행복휴대폰마트(부산사상),행복휴대폰마트,후불)텔링크SK,원세영
S텔23891,수)행상숍(왕십리),행상숍,후불)텔링크SK,김성수
S텔16514,구)행운(화곡동),행운,후불)텔링크SK,서승구
S텔21109,우)행운모바일(향남),행운모바일,후불)텔링크SK,김선우
S텔21963,웅)행운정보통신(구로),행운정보통신,후불)텔링크SK,정선웅
S텔22881,열)행운텔레콤(평택),행운텔레콤,후불)텔링크SK,박종열
S텔17676,웅)행운통신,행운통신,후불)텔링크SK,정선웅
S텔21776,열)허니모바일,허니모바일,후불)텔링크SK,박종열
S텔16077,웅)허브통신,허브통신,후불)텔링크SK,정선웅
S텔17837,영)헤리모바일(평택),HERRY MOBILE,후불)텔링크SK,원세영
S텔21748,열)헬로벨디에치통신(송파),헬로벨디에치통신,후불)텔링크SK,박종열
S텔21577,영)헬리오통신(송파),헬리오통신,후불)텔링크SK,원세영
S텔17494,웅)혁신토탈샾(주),혁신토탈샵(주),후불)텔링크SK,정선웅
S텔22765,열)현빈텔레콤,현빈텔레콤,후불)텔링크SK,박종열
S텔16346,웅)현정보통신,현정보통신,후불)텔링크SK,정선웅
S텔23162,영)현주텔레콤(서산),현주텔레콤,후불)텔링크SK,원세영
S텔22252,수)현텔레콤(망우),현텔레콤,후불)텔링크SK,김성수
S텔25249,수)현텔레콤(의정부),수)현텔레콤(의정부),후불)텔링크SK,김성수
S텔22745,열)현텔레콤(하남),현텔레콤,후불)텔링크SK,박종열
S텔20417,열)형제통신,형제통신상갈,후불)텔링크SK,박종열
S텔20250,열)형제통신,형제통신신갈,후불)텔링크SK,박종열
S텔16598,열)형제통신,형제통신동천,후불)텔링크SK,박종열
S텔21344,수)형제tv(동두천),형제TV,후불)텔링크SK,김성수
S텔22830,민)혜성인터내셔널(강변),혜성인터내셔널,후불)텔링크SK,김민준
S텔24487,웅)호구통신,호구통신,후불)텔링크SK,정선웅
S텔20389,웅)호구통신,호구통신,후불)텔링크SK,정선웅
S텔20870,수)호금통신(마석),호금통신,후불)텔링크SK,김성수
S텔25581,구)호평통신(남원),호평통신,후불)텔링크SK,서승구
S텔20896,수)홈모바일플러스(관악),홈모바일 플러스,후불)텔링크SK,김성수
S텔22424,웅)홍대모바일,홍대 모바일,후불)텔링크SK,정선웅
S텔24759,수)홍인(덕양구청),홍인 덕양구청점,후불)텔링크SK,김성수
S텔24858,수)홍인본점(고양),홍인본점,후불)텔링크SK,김성수
S텔20772,영)화곡직영점(화곡),화곡직영점,후불)텔링크SK,원세영
S텔16435,구)화니모바일,화니모바일,후불)텔링크SK,서승구
S텔22097,열)화성본가,휴대폰아울렛(화성본점),후불)텔링크SK,박종열
S텔25658,준)화이트컴퍼니,휴대폰성지가호통신평거점,후불)텔링크SK,황병준
S텔25362,준)화이트컴퍼니,로또텔레콤,후불)텔링크SK,황병준
S텔25068,준)화이트컴퍼니,휴대폰성지가호통신사천점,후불)텔링크SK,황병준
S텔24159,준)화이트컴퍼니,휴대폰성지가호통신평거점,후불)텔링크SK,황병준
S텔23426,준)화이트컴퍼니,휴대폰성지가호통신사천점,후불)텔링크SK,황병준
S텔18482,준)화이트컴퍼니,휴대폰백화점,후불)텔링크SK,황병준
S텔18471,준)화이트컴퍼니,유민이네텔레콤,후불)텔링크SK,황병준
S텔18470,준)화이트컴퍼니,휴대폰성지가호통신,후불)텔링크SK,황병준
S텔23975,열)화이트통신(광주),화이트통신,후불)텔링크SK,박종열
S텔21293,영)황금텔레콤,황금텔레콤,후불)텔링크SK,원세영
S텔21535,웅)황민글로벌,황민글로벌,후불)텔링크SK,정선웅
S텔15811,구)황산텔레콤,황산텔레콤,후불)텔링크SK,서승구
S텔24849,영)황소모바일(부평),황소모바일,후불)텔링크SK,원세영
S텔20158,수)황소폰(파주),황소폰,후불)텔링크SK,김성수
S텔21374,수)황제통신(대구),황제통신,후불)텔링크SK,김성수
S텔21258,수)회룡통신(중랑),회룡통신,후불)텔링크SK,김성수
S텔16303,구)효자통신(면목점),효자통신_면목점,후불)텔링크SK,서승구
S텔17679,수)후니모바일(강동),강동 후니모바일,후불)텔링크SK,김성수
S텔21818,수)후야통신(구리),후야통신,후불)텔링크SK,김성수
S텔20197,수)훈남모바일(장현),훈남모바일,후불)텔링크SK,김성수
S텔20260,수)훈민정음(미사),훈민정음(미사),후불)텔링크SK,김성수
S텔21775,수)훈민정음1(하남),훈민정음 본점,후불)텔링크SK,김성수
S텔20968,수)훈민정음3(하남),훈민정음텔레콤,후불)텔링크SK,김성수
S텔23088,웅)훈이통신,훈이통신,후불)텔링크SK,정선웅
S텔20167,수)휘텔레콤(종로),휘텔레콤,후불)텔링크SK,김성수
S텔26335,수)휴대폰#(세종),휴대폰#,후불)텔링크SK,김성수
S텔22150,영)휴대폰1번가(양산점),휴대폰1번가,후불)텔링크SK,원세영
S텔21576,수)휴대폰365아울렛(진접),휴대폰 365 아울렛 진접점,후불)텔링크SK,김성수
S텔16551,웅)휴대폰가게(구리),휴대폰가게,후불)텔링크SK,정선웅
S텔24052,웅)휴대폰가게(금촌),휴대폰가게,후불)텔링크SK,정선웅
S텔19891,민)휴대폰가게(당진),휴대폰가게,후불)텔링크SK,김민준
S텔21012,준)휴대폰가게(아산),휴대폰가게,후불)텔링크SK,황병준
S텔22558,구)휴대폰가게(안양),휴대폰가게,후불)텔링크SK,서승구
S텔21627,구)휴대폰가게(영주),휴대폰가게,후불)텔링크SK,서승구
S텔26025,구)휴대폰가게(MS)통신,휴대폰가게(MS)통신,후불)텔링크SK,서승구
S텔23129,열)휴대폰갤러리(천안),휴대폰갤러리(천안),후불)텔링크SK,박종열
S텔24254,구)휴대폰거래소(김해),휴대폰거래소,후불)텔링크SK,서승구
S텔21197,구)휴대폰거래소(김해),라비커뮤니케이션,후불)텔링크SK,서승구
S텔21385,열)휴대폰거래소(동탄),휴대폰거래소발안,후불)텔링크SK,박종열
S텔21350,열)휴대폰거래소(동탄),휴대폰거래소(동탄),후불)텔링크SK,박종열
S텔17498,열)휴대폰거래소(남양),휴대폰거래소남양,후불)텔링크SK,박종열
S텔24499,열)휴대폰거래소(향남),휴대폰거래소,후불)텔링크SK,박종열
S텔23918,열)휴대폰도매샾(퇴촌),휴대폰도매샾,후불)텔링크SK,박종열
S텔25152,민)휴대폰마트(당진),휴대폰마트,후불)텔링크SK,김민준
S텔24252,열)휴대폰맛집(성남),휴대폰맛집,후불)텔링크SK,박종열
S텔22244,수)휴대폰멀티점(상주),휴대폰 멀티점,후불)텔링크SK,김성수
S텔21947,수)휴대폰명가(대구),휴대폰명가,후불)텔링크SK,김성수
S텔20670,웅)휴대폰바로고(충주),휴대폰바로고(충주),후불)텔링크SK,정선웅
S텔26397,웅)휴대폰박사(속초),휴대폰박사,후불)텔링크SK,정선웅
S텔25023,영)휴대폰성지 경기광주 제이,휴대폰성지 경기광주 제이,후불)텔링크SK,원세영
S텔23675,열)휴대폰성지대한민국폰가게알람폰양산점,휴대폰성지대한민국폰가게알람폰양산점,후불)텔링크SK,박종열
S텔23681,열)휴대폰성지대한민국폰가게알람폰초량점,루이통신,후불)텔링크SK,박종열
S텔26447,영)휴대폰성지 사자폰 의정부점,휴대폰성지 사자폰 의정부뉴,후불)텔링크SK,원세영
S텔25749,구)휴대폰성지상계역점,휴대폰성지 상계역점,후불)텔링크SK,서승구
S텔21821,구)휴대폰성지옆커폰군산점,군산휴대폰성지,후불)텔링크SK,서승구
S텔25865,영)휴대폰성지 폰대장,휴대폰성지 폰대장,후불)텔링크SK,원세영
S텔25455,수)휴대폰성지(경산),휴대폰성지 경산점,후불)텔링크SK,김성수
S텔23748,열)휴대폰성지(구포),휴대폰성지구포,후불)텔링크SK,박종열
S텔25414,수)휴대폰성지(김해),휴대폰성지,후불)텔링크SK,김성수
S텔25454,수)휴대폰성지(대구),휴대폰성지,후불)텔링크SK,김성수
S텔23654,열)휴대폰성지(부산),휴대폰성지부산,후불)텔링크SK,박종열
S텔22224,열)휴대폰성지(부산금정),휴대폰성지알람폰금동통신,후불)텔링크SK,박종열
S텔25437,수)휴대폰성지(부산일광점),휴대폰성지 일광점,후불)텔링크SK,김성수
S텔25421,수)휴대폰성지(부산정관점),휴대폰성지 정관점,후불)텔링크SK,김성수
S텔25128,수)휴대폰성지(양산),휴대폰성지,후불)텔링크SK,김성수
S텔25438,수)휴대폰성지(양산중부점),휴대폰성지 중부점,후불)텔링크SK,김성수
S텔20327,민)휴대폰성지(의정부),의정부 휴대폰성지,후불)텔링크SK,김민준
S텔25965,민)휴대폰성지(인천),휴대폰성지 브라더통신,후불)텔링크SK,김민준
S텔25404,수)휴대폰성지(진주),휴대폰성지,후불)텔링크SK,김성수
S텔26202,수)휴대폰성지(창원용호점),휴대폰성지 창원용호점,후불)텔링크SK,김성수
S텔25210,수)휴대폰성지도매폰(시흥),휴대폰성지 도매폰,후불)텔링크SK,김성수
S텔24959,구)휴대폰성지라베니체폰2호점(은평),휴대폰성지라베니체폰2호점,후불)텔링크SK,서승구
S텔26382,영)휴대폰성지비비(용산),휴대폰성지BB,후불)텔링크SK,원세영
S텔25790,민)휴대폰성지알고동작본점(신대방),휴대폰성지알고동작본점,후불)텔링크SK,김민준
S텔21495,열)휴대폰성지알람폰루피통신(부산),휴대폰성지알람폰루피통신부산,후불)텔링크SK,박종열
S텔26352,수)휴대폰성지제이제이모바일(동탄),휴대폰성지 제이제이 모바일 동탄점,후불)텔링크SK,김성수
S텔26089,수)휴대폰성지최싸폰(양산중부점),휴대폰성지최싸폰 중부점,후불)텔링크SK,김성수
S텔25399,수)휴대폰성지최싸폰(진주),휴대폰 성지 최싸폰,후불)텔링크SK,김성수
S텔26095,수)휴대폰성지최싸폰(진주상대점),휴대폰성지최싸폰 상대점,후불)텔링크SK,김성수
S텔25403,수)휴대폰성지최싸폰하대점(진주),휴대폰성지 최싸폰 하대점,후불)텔링크SK,김성수
S텔26370,열)휴대폰성지폰방긋(진주),휴대폰성지폰방긋,후불)텔링크SK,박종열
S텔21686,영)휴대폰성지픽업폰(광주),광주 휴대폰성지픽업폰,후불)텔링크SK,원세영
S텔21667,영)휴대폰성지픽업폰(용인),용인 휴대폰성지픽업폰,후불)텔링크SK,원세영
S텔21670,영)휴대폰성지픽업폰(이천),휴대폰성지픽업폰,후불)텔링크SK,원세영
S텔22236,구)휴대폰쇼핑몰,휴대폰쇼핑몰,후불)텔링크SK,서승구
S텔20146,영)휴대폰싸다구(평택),휴대폰싸다구(평택),후불)텔링크SK,원세영
S텔25432,구)휴대폰아울렛(고성),휴대폰아울렛,후불)텔링크SK,서승구
S텔20157,영)휴대폰아울렛(광주),휴대폰아울렛(광주),후불)텔링크SK,원세영
S텔21812,영)휴대폰아울렛(영주),휴대폰아울렛,후불)텔링크SK,원세영
S텔16376,웅)휴대폰아울렛(천안),휴대폰아울렛,후불)텔링크SK,정선웅
S텔25169,열)휴대폰앤인터넷(장성),휴대폰앤인터넷,후불)텔링크SK,박종열
S텔21606,구)휴대폰일번가(두정점),휴대폰일번가(두정점),후불)텔링크SK,서승구
S텔24047,열)휴대폰점빵(여수),휴대폰점빵,후불)텔링크SK,박종열
S텔16101,열)휴대폰종합프라자(정읍),휴대폰종합프라자(정읍),후불)텔링크SK,박종열
S텔20225,웅)휴대폰천국,휴대폰천국,후불)텔링크SK,정선웅
S텔23074,영)휴대폰특판(산척점),휴대폰특판 산척점,후불)텔링크SK,원세영
S텔26354,영)휴대폰특판(안산점),휴대폰특판 사동점,후불)텔링크SK,원세영
S텔25751,수)휴대폰판매왕(천안),휴대폰판매왕 용곡점,후불)텔링크SK,김성수
S텔21846,열)휴대폰팩토리(대전)/M,휴대폰팩토리,후불)텔링크SK,박종열
S텔24630,영)휴대폰하우스(가경점),휴대폰하우스(가경점),후불)텔링크SK,원세영
S텔24963,열)휴대폰할인마트(거제),휴대폰할인마트,후불)텔링크SK,박종열
S텔22777,열)휴대폰할인마트(수지),휴대폰할인마트,후불)텔링크SK,박종열
S텔20764,웅)휴대폰할인매장(중계),휴대폰할인매장,후불)텔링크SK,정선웅
S텔24933,열)휴대폰할인카페(성남),휴대폰할인카페,후불)텔링크SK,박종열
S텔20510,구)휴대FUN(창원),휴대fun,후불)텔링크SK,서승구
S텔25218,영)흥아통신(김해),흥아통신(김해),후불)텔링크SK,원세영
S텔23401,영)흥화모바일(대구경산점),흥화모바일,후불)텔링크SK,원세영
S텔20847,영)흥화통신2(안산),흥화통신2,후불)텔링크SK,원세영
S텔22238,수)히어로즈 (길동),히어로즈,후불)텔링크SK,김성수
S텔22704,웅)히어로폰(경주),히어로폰,후불)텔링크SK,정선웅
S텔16383,웅)히트통신,히트통신,후불)텔링크SK,정선웅
S텔16007,구)BD통신,BD통신,후불)텔링크SK,서승구
S텔19845,영)BJ모바일(인천),BJ모바일,후불)텔링크SK,원세영
S텔23113,웅)BJ텔레콤,비제이텔레콤,후불)텔링크SK,정선웅
S텔22228,영)cs텔레콤(송파),CS텔레콤,후불)텔링크SK,원세영
S텔21033,협력)DC마트,니즈플러스광주지점DC,후불)텔링크SK,협력
S텔16569,구)DM프리넷,DM프리넷,후불)텔링크SK,서승구
S텔21633,웅)E통신,E통신,후불)텔링크SK,정선웅
S텔21789,준)HHC통신,에이치에이치씨(HHC)묵현2,후불)텔링크SK,황병준
S텔16413,구)HHC통신,HHC통신,후불)텔링크SK,서승구
S텔23295,열)I이동통신(영암),i이동통신,후불)텔링크SK,박종열
S텔23594,구)IT(전주),IT정보통신,후불)텔링크SK,서승구
S텔20266,열)JH모바일(수원),주식회사 제이에이치모바일,후불)텔링크SK,박종열
S텔22503,수)JN(창동),JN모바일,후불)텔링크SK,김성수
S텔20382,구)JS통신(수유),J. S통신,후불)텔링크SK,서승구
S텔21415,수)JY텔레콤(고양),제이와이(JY)텔레콤,후불)텔링크SK,김성수
S텔22098,구)KT한백텔레콤,KT한백텔레콤,후불)텔링크SK,서승구
S텔22080,수)msgj(장현),MSGJ모바일,후불)텔링크SK,김성수
S텔20954,영)PMJ캄보디아통신(안산),PMJ캄보디아통신,후불)텔링크SK,원세영
S텔16329,구)PS모바일,P.S모바일,후불)텔링크SK,서승구
S텔16370,웅)SH모바일,SH모바일,후불)텔링크SK,정선웅
S텔21783,열)SH정보통신(신흥),SH정보통신,후불)텔링크SK,박종열
S텔22157,구)SJ텔레콤(정읍),SJ텔레콤,후불)텔링크SK,서승구
S텔20561,구)SK숭인,SK숭인,후불)텔링크SK,서승구
S텔22222,구)SR모바일(고양),SR모바일,후불)텔링크SK,서승구
S텔22874,영)SSD헤렌텔레콤(용산),SSD헤렌텔레콤,후불)텔링크SK,원세영
S텔22179,수)sun텔레콤(중곡),SUN텔레콤,후불)텔링크SK,김성수
S텔25259,웅)SY모바일(성남),SY모바일,후불)텔링크SK,정선웅
S텔22818,웅)TB모바일/M,주식회사 티비모바일,후불)텔링크SK,정선웅
S텔15976,열)Ti모바일(잠실),TI모바일,후불)텔링크SK,박종열
S텔21816,준)TOP정보통신(파주),TOP정보통신,후불)텔링크SK,황병준
S텔24516,열)UM통신(여주),UM통신,후불)텔링크SK,박종열
S텔22186,수)vip텔레콤(중곡),브이아이피 (VIP) 텔레콤,후불)텔링크SK,김성수
S텔23235,민)위코리아,(주)위코리아,후불)텔링크SK,김민준
S텔26499,구)(주)온팩(광주),(주)온팩,후불)텔링크SK,서승구
S텔26482,열)행복통신(창원),휴대폰성지(행운),후불)텔링크SK,박종열
S텔26480,열)호수(수원),호수,후불)텔링크SK,박종열
S텔26491,구)이다글로벌,동탄휴대폰성지미소폰 병점지점,후불)텔링크SK,서승구
S텔26496,열)시네마통신(진주),시네마통신,후불)텔링크SK,박종열
S텔25810,민)우주모바일(인천),우주모바일,후불)텔링크SK,김민준
S텔26500,민)지니커뮤니케이션(양천구),지니커뮤니케이션,후불)텔링크SK,김민준
S텔24753,수)굿뉴스(중랑),굿뉴스,후불)텔링크SK,김성수
S텔26475,영)옆커폰(천안두정점),천안휴대폰성지 옆커폰 두정점,후불)텔링크SK,원세영
S텔26477,웅)(주)타이거글로벌86,(주)타이거글로벌86,후불)텔링크SK,정선웅
S텔17826,수)더라온,더라온,후불)텔링크SK,김성수
S텔26492,영)휴대폰싸다구(평택) 2호점,휴대폰싸다구,후불)텔링크SK,원세영
S텔26476,영)옆커폰(충주연수점),충주휴대폰성지 옆커폰 연수점,후불)텔링크SK,원세영
S텔26497,수)소망통신(미사),소망통신,후불)텔링크SK,김성수
S텔26506,수)이현컴퍼니(미사),이현컴퍼니,후불)텔링크SK,김성수
S텔26517,구)애니콜통신(전주),애니콜통신,후불)텔링크SK,서승구
S텔23209,민)교하퍼스트모바일(파주),교하퍼스트모바일,후불)텔링크SK,김민준
S텔26530,구)바른통신(광주),바른통신,후불)텔링크SK,서승구
S텔26522,민)가람폰마트(파주),가람폰마트,후불)텔링크SK,김민준
S텔26541,열)봄날(강북),봄날,후불)텔링크SK,박종열
S텔26511,우)진이모바일,진이모바일,후불)텔링크SK,김선우
S텔26540,영)옆커폰(강일점),휴대폰성지 옆커폰 고덕강일점,후불)텔링크SK,원세영
S텔26550,구)종걸모바일(중계),종걸모바일,후불)텔링크SK,서승구
S텔26552,민)조은(강변),조은,후불)텔링크SK,김민준
S텔26553,구)미소통신(중계),미소통신,후불)텔링크SK,서승구
S텔26562,민)비씨모바일(안산),비씨모바일,후불)텔링크SK,김민준
S텔26560,영)휴대폰24시(동두천),휴대폰24시,후불)텔링크SK,원세영
S텔26513,웅)서희도매통신(이천),서희도매통신,후불)텔링크SK,정선웅
S텔26577,준)착한핸드폰가게,착한핸드폰가게,후불)텔링크SK,황병준
S텔26536,열)주식회사벌집,호랑이,후불)텔링크SK,박종열
S텔26583,준)알뜰휴대폰 오산점,알뜰휴대폰 오산점,후불)텔링크SK,황병준
S텔26586,열)와이에스모바일(성남),와이에스모바일,후불)텔링크SK,박종열
S텔17173,영)인아정보(안산),인아정보,후불)텔링크SK,원세영
S텔25920,영)독도폰(경주),하이모바일코리아,후불)텔링크SK,원세영
S텔26527,웅)보스,(주)보스그룹 경운대학점,후불)텔링크SK,정선웅
S텔26578,영)바른중고폰(구미),바른중고폰,후불)텔링크SK,원세영
S텔20695,수)아이엔씨잠실새내(잠실),아이엔씨잠실새내,후불)텔링크SK,김성수
S텔21876,영)하랑모바일,하랑모바일,후불)텔링크SK,원세영
S텔21050,수)스마트폰면세점(트리지움점),스마트폰면세점 트리지움점,후불)텔링크SK,김성수
S텔26588,수)폰어게인(잠실),폰어게인,후불)텔링크SK,김성수
S텔26597,우)국대폰(어룡역점),핸드폰클리닉 원당점,후불)텔링크SK,김선우
S텔26601,영)대희통신(제천),대희통신,후불)텔링크SK,원세영
S텔26609,민)드림2(구로),드림2,후불)텔링크SK,김민준
S텔26623,열)다인정보통신(나주),다인정보통신,후불)텔링크SK,박종열
S텔26624,열)주식회사일함4,성지폰평택동삭점,후불)텔링크SK,박종열
S텔26620,열)주식회사일함2,국대폰(용죽점),후불)텔링크SK,박종열
S텔26621,열)주식회사일함3,국대폰(평택직영점),후불)텔링크SK,박종열
S텔26605,웅)알뜰통신요기요(송파),알뜰통신요기요,후불)텔링크SK,정선웅
S텔26189,민)도매폰2010(평택),도매폰 2010,후불)텔링크SK,김민준
S텔22671,구)탑모바일(상주),탑모바일,후불)텔링크SK,서승구
S텔26642,구)트러스트통신(창원),트러스트통신,후불)텔링크SK,서승구
S텔26640,준)제이제이,더블제이,후불)텔링크SK,황병준
S텔25743,수)이온정보통신(위례),이온정보통신,후불)텔링크SK,김성수
S텔20557,영)픽스굿(서대문),픽스굿,후불)텔링크SK,원세영
S텔26630,웅)주식회사올웨이(중곡),주식회사올웨이,후불)텔링크SK,정선웅
S텔26650,수)통큰통신휴대폰성지(암사),통큰통신휴대폰성지,후불)텔링크SK,김성수
S텔26652,우)국대폰(어룡역점),핸드폰클리닉 다산점,후불)텔링크SK,김선우
S텔26656,구)한텔레콤(전주),한텔레콤,후불)텔링크SK,서승구
S텔24011,민)천일텔레콤(강서구),천일텔레콤,후불)텔링크SK,김민준
S텔21037,수)파인애플통신(잠실),파인애플통신,후불)텔링크SK,김성수
S텔26660,수)통큰통신휴대폰성지(송파),통큰통신휴대폰성지,후불)텔링크SK,김성수
S텔26673,구)휴대폰성지킹폰(대전),휴대폰성지킹폰,후불)텔링크SK,서승구
S텔25090,민)주식회사 드로인(금천구),주식회사 드로인,후불)텔링크SK,김민준
S텔26668,준)제이제이,휴대폰파는총각 신월정점,후불)텔링크SK,황병준
S텔22760,민)티지모바일(관악구),티지모바일,후불)텔링크SK,김민준
S텔24949,민)폰온(용인),폰온,후불)텔링크SK,김민준
S텔26685,구)굿모닝목4점,논스톱컴퍼니,후불)텔링크SK,서승구
S텔26691,민)난곡아이티(관악구),난곡아이티,후불)텔링크SK,김민준
S텔26693,민)휴대폰도매총판 천안점,휴대폰도매총판 천안점,후불)텔링크SK,김민준
S텔26697,민)휴대폰도매총판 천안점,휴대폰도매총판 안성점,후불)텔링크SK,김민준
S텔26696,민)휴대폰도매총판 천안점,천안텔레콤,후불)텔링크SK,김민준
S텔26666,열)대전이동통신,대전이동통신,후불)텔링크SK,박종열
S텔26698,열)와이즈텔레콤(연천),와이즈텔레콤,후불)텔링크SK,박종열
S텔26602,준)승승장구,주식회사 휴대폰맛집,후불)텔링크SK,황병준
S텔26692,영)디엔리모바일,디엔리모바일,후불)텔링크SK,원세영
S텔26670,수)스마트폰면세점(송파),스마트폰면세점,후불)텔링크SK,김성수
S텔26072,웅)STP컴퍼니,STP컴퍼니,후불)텔링크SK,정선웅
S텔20633,웅)휴대폰천국 황금점(대구),휴대폰천국 황금점,후불)텔링크SK,정선웅
S텔26681,수)일등폰(양산),일등폰,후불)텔링크SK,김성수
S텔25908,영)미얀골(부평),미얀골,후불)텔링크SK,원세영
S텔26694,웅)청백텔레콤(월계),청백텔레콤,후불)텔링크SK,정선웅
S텔26525,영)옆커폰(광흥창점),휴대폰성지 옆커폰 광흥창역점,후불)텔링크SK,원세영
S텔24743,열)알뜰모바일(대구),알뜰모바일,후불)텔링크SK,박종열
S텔26753,열)폰짱통신(강동),메인텔레콤,후불)텔링크SK,박종열
S텔26746,준)(주)스마일커뮤니티,휴대폰성지 신림점,후불)텔링크SK,황병준
S텔26740,웅)픽스모아 영종도 아이폰수리24시,픽스모아 영종도 아이폰수리24시,후불)텔링크SK,정선웅
S텔26741,웅)이엔케이,이엔케이,후불)텔링크SK,정선웅
S텔26141,열)은성통신(전주),은성통신,후불)텔링크SK,박종열
S텔26770,열)포승폰(평택),평택휴대폰성지 포승폰,후불)텔링크SK,박종열
S텔24631,구)논산통신,논산통신,후불)텔링크SK,서승구
S텔26775,구)프라임모바일(논산),프라임모바일,후불)텔링크SK,서승구
S텔26777,민)멘토박스(강변),멘토박스,후불)텔링크SK,김민준
S텔26764,수)휴대폰성지(좌동점),휴대폰성지 좌동점,후불)텔링크SK,김성수
S텔26754,수)알에스모바일(평내),알에스모바일,후불)텔링크SK,김성수
S텔26766,웅)하이컴퍼니,하이컴퍼니,후불)텔링크SK,정선웅
S텔26784,영)옆커폰(천안청당점),휴대폰성지 옆커폰 천안청당점,후불)텔링크SK,원세영
S텔25293,수)JK텔레콤(구리),JK텔레콤,후불)텔링크SK,김성수
S텔26783,수)더블S(구리),더블S,후불)텔링크SK,김성수
S텔26767,구)다온통신(청주),다온통신,후불)텔링크SK,서승구
S텔26785,영)옆커폰(수유점),휴대폰성지 옆커폰 수유점,후불)텔링크SK,원세영
S텔26788,웅)광성텔레콤,광성텔레콤,후불)텔링크SK,정선웅
S텔26790,영)옆커폰(대전은행점),휴대폰성지 옆커폰 대전은행점,후불)텔링크SK,원세영
S텔26800,민)와이에이치모바일(오산),와이에이치모바일(오산),후불)텔링크SK,김민준
S텔26797,구)민지정보(안양),민지정보,후불)텔링크SK,서승구
S텔20504,구)일등통신 초전(성주),일등통신 초전,후불)텔링크SK,서승구
S텔20499,구)일등통신 가야(합천),일등통신 가야,후불)텔링크SK,서승구
S텔26811,수)휴대폰성지 슈퍼맨텔레콤(창원팔용점),휴대폰성지 슈퍼맨텔레콤 창원팔용점,후불)텔링크SK,김성수
S텔26813,수)주)콜비서(대구),주)콜비서,후불)텔링크SK,김성수
S텔26804,수)베스트텔레콤(뚝섬),베스트텔레콤,후불)텔링크SK,김성수
S텔26812,수)휴대폰스토리(수유),휴대폰스토리,후불)텔링크SK,김성수
S텔26821,열)탑모바일(일산),탑모바일,후불)텔링크SK,박종열
S텔26834,구)필휴대폰통신(속초),필휴대폰통신,후불)텔링크SK,서승구
S텔24678,민)정직한모바일샵(화성),정직한모바일샵,후불)텔링크SK,김민준
S텔26826,준)승승장구,상승모바일12호,후불)텔링크SK,황병준
S텔26829,웅)주식회사광산(대전),주식회사광산,후불)텔링크SK,정선웅
S텔26828,영)옆커폰(광주경안점),휴대폰성지 옆커폰경안점,후불)텔링크SK,원세영
S텔26837,웅)제이엠넷(부산),제이엠넷,후불)텔링크SK,정선웅
S텔20356,영)투게더(부평),투게더,후불)텔링크SK,원세영
S텔16162,수)유진텔레콤(충주),유진텔레콤,후불)텔링크SK,김성수
S텔23906,영)연결통신(천안),천안선불폰중고폰 연결통신,후불)텔링크SK,원세영
S텔26662,영)천안통신업무모바일(천안),천안통신업무모바일,후불)텔링크SK,원세영
S텔25424,영)별해모바일(오송점),휴대폰 성지 별해모바일 청주점,후불)텔링크SK,원세영
S텔26835,웅)싸이통신,싸이통신,후불)텔링크SK,정선웅
S텔20664,민)폰하우스(대전),폰하우스,후불)텔링크SK,김민준
S텔21009,민)폰아저씨(대전),폰아저씨,후불)텔링크SK,김민준
S텔26857,준)람경통신,람경통신 부산점,후불)텔링크SK,황병준
S텔25384,구)주식회사 로사네트워크(태백),주식회사 로사네트워크,후불)텔링크SK,서승구
S텔26860,준)승승장구,상승모바일10호,후불)텔링크SK,황병준
S텔25503,웅)휴대폰일번가(대전),휴대폰일번가,후불)텔링크SK,정선웅
S텔23440,수)하나로텔레콤(제천),하나로텔레콤,후불)텔링크SK,김성수
S텔26851,수)소바진네트웍스(제천),소바진네트웍스,후불)텔링크SK,김성수
S텔19202,수)세은통신(원주),세은통신,후불)텔링크SK,김성수
S텔26862,수)수정모바일(원주),수정모바일,후불)텔링크SK,김성수
S텔25664,민)휴대폰아울렛(홍성),휴대폰아울렛,후불)텔링크SK,김민준
S텔16059,민)다인텔레콤(수원),다인텔레콤,후불)텔링크SK,김민준
S텔26901,구)훈이한국통신(전주),훈이한국통신,후불)텔링크SK,서승구
S텔24905,준)람경통신,우현물류,후불)텔링크SK,황병준
S텔26881,민)블루텔레콤(구리),블루텔레콤,후불)텔링크SK,김민준
S텔25766,구)폰마트 휴대폰쇼핑몰(전주),폰마트 휴대폰쇼핑몰,후불)텔링크SK,서승구
S텔26877,준)브라더,휴대폰성지 휴대폰맛집,후불)텔링크SK,황병준
S텔20446,민)뉴우주상사(대전),뉴우주상사,후불)텔링크SK,김민준
S텔26899,민)(주)엠제이통신(인천),주식회사 엠제이통신,후불)텔링크SK,김민준
S텔26908,구)폰대장(군산),폰대장,후불)텔링크SK,서승구
S텔23004,민)브이텔레콤(청주),브이텔레콤,후불)텔링크SK,김민준
S텔18669,구)정원텔레콤(부산),정원텔레콤,후불)텔링크SK,서승구
S텔26909,민)청주휴대폰성지꿀폰(청주),청주휴대폰성지꿀폰,후불)텔링크SK,김민준
S텔22581,열)휴대폰놀이터(부산),휴대폰놀이터,후불)텔링크SK,박종열
S텔20714,민)다우통신,다우통신,후불)텔링크SK,김민준
S텔26892,영)옆커폰(상도점),휴대폰성지옆커폰상도점,후불)텔링크SK,원세영
S텔26910,수)공주폰(공주),공주폰,후불)텔링크SK,김성수
S텔26887,영)돌고래통신(쌍문점),광수통신,후불)텔링크SK,원세영
S텔26876,수)휴대폰맛집(호평),휴대폰맛집,후불)텔링크SK,김성수
S텔26906,수)제이제이모바일(안산),제이제이모바일,후불)텔링크SK,김성수
S텔26292,수)스마트폰면세점(봉담),스마트폰면세점 봉담점,후불)텔링크SK,김성수
S텔26942,열)(주)소이컴퍼니(금천),주식회사 소이컴퍼니,후불)텔링크SK,박종열
S텔26947,열)능곡폰마트(시흥),능곡폰마트,후불)텔링크SK,박종열
S텔26948,영)옆커폰(세종도담점),휴대폰성지 옆커폰 세종도담점,후불)텔링크SK,원세영
S텔25148,구)와이엠모바일(군산),와이엠모바일,후불)텔링크SK,서승구
S텔26929,준)람경통신,람경통신 부경점,후불)텔링크SK,황병준
S텔25707,열)바가모바일(수원),바가 모바일,후불)텔링크SK,박종열
S텔26959,열)케이모바일(부천신중동점),케이모바일 신중동점,후불)텔링크SK,박종열
S텔24008,구)군산 휴대폰성지,군산 휴대폰성지,후불)텔링크SK,서승구
S텔26971,열)행복통신(조암),행복통신,후불)텔링크SK,박종열
S텔26362,수)BF텔레콤(명일),BF텔레콤,후불)텔링크SK,김성수
S텔26972,수)에이비씨모바일(천호),에이비씨모바일,후불)텔링크SK,김성수
S텔26704,우)국대폰(어룡역점),휴대폰맛집 옥정점,후불)텔링크SK,김선우
S텔26916,영)옆커폰(용인성복역점),휴대폰성지 옆커폰 성복역점,후불)텔링크SK,원세영
S텔26711,열)맥스컴퍼니(동탄),맥스모바일,후불)텔링크SK,박종열
S텔23878,영)꿀폰마켓,꿀폰마켓,후불)텔링크SK,원세영
S텔26702,수)휴대폰성지최싸폰(양산중부점),최싸폰중부점,후불)텔링크SK,김성수
S텔20545,민)에스지프렌즈(장곡),에스지프렌즈,후불)텔링크SK,김민준
S텔26718,민)시내통신(동두천),시내통신,후불)텔링크SK,김민준
S텔25759,구)쌍둥이폰가게(김해),쌍둥이폰가게,후불)텔링크SK,서승구
S텔26036,준)제이제이,휴대폰파는총각옥곡점,후불)텔링크SK,황병준
S텔20807,구)시민정보(창원),시민정보,후불)텔링크SK,서승구
S텔26915,민)효림텔레콤(원주),효림텔레콤,후불)텔링크SK,김민준
S텔26872,준)주식회사 휴대폰맛집,휴대폰성지휴대폰맛집(검단점),후불)텔링크SK,황병준
S텔26714,우)노란마켓,노란마켓,후불)텔링크SK,김선우
S텔26055,수)착한휴대폰(동대문),착한휴대폰,후불)텔링크SK,김성수
S텔25521,수)아프리카중고폰(수유),아프리카중고폰,후불)텔링크SK,김성수
S텔21716,영)민텔레콤(제천),민텔레콤,후불)텔링크SK,원세영
S텔26710,영)에스와이모바일,에스와이모바일,후불)텔링크SK,원세영
S텔26705,영)옆커폰 분당오리점,옆커폰 분당오리점,후불)텔링크SK,원세영
S텔24877,웅)그레이슬,그레이슬,후불)텔링크SK,정선웅
S텔26728,웅)휴대폰성지 폰슐랭 성북점,휴대폰성지 폰슐랭 성북점,후불)텔링크SK,정선웅
S텔26975,영)엉미얀마(부평본점),엉미얀마,후불)텔링크SK,원세영
S텔26976,웅)사과모바일(부산),부산사과모바일,후불)텔링크SK,정선웅
S텔26923,우)국대폰(어룡역점),드림TCA강남,후불)텔링크SK,김선우
S텔26978,민)투모로우허브네트웍스,주식회사 투모로우 허브 네트웍스,후불)텔링크SK,김민준
S텔26993,민)금천프로모바일,휴대폰성지금천프로모바일,후불)텔링크SK,김민준
S텔26997,구)케이모바일연수점,케이모바일연수점,후불)텔링크SK,서승구
S텔26996,열)휴대폰거래소(향남),휴대폰거래소,후불)텔링크SK,박종열
S텔26995,구)샵모바일 주엽점(고양),샵모바일 주엽점,후불)텔링크SK,서승구
S텔24983,민)휴대폰캠퍼스 도청점(청주),휴대폰성지휴대폰캠퍼스도청점,후불)텔링크SK,김민준
S텔26988,열)장고통신(부산),장고통신,후불)텔링크SK,박종열
S텔26999,민)폰파는친구들(청주),폰파는친구들,후불)텔링크SK,김민준
S텔26969,민)휴대폰캠퍼스 용암점(청주),휴대폰캠퍼스용암점,후불)텔링크SK,김민준
S텔27000,민)휴대폰캠퍼스 청대점(청주),휴대폰캠퍼스청대점,후불)텔링크SK,김민준
S텔27003,웅)산성텔레콤,산성텔레콤,후불)텔링크SK,정선웅
S텔27006,민)비씨모바일(안산),비씨모바일(선부점),후불)텔링크SK,김민준
S텔27021,민)휴대폰캠퍼스 본점(청주),휴대폰캠퍼스,후불)텔링크SK,김민준
S텔20471,민)SC모바일(양천구),SC모바일,후불)텔링크SK,김민준
S텔23630,구)주식회사우리모바일,우리모바일임학점,후불)텔링크SK,서승구
S텔27027,구)주식회사우리모바일,주식회사우리모바일(병방점),후불)텔링크SK,서승구
S텔26555,구)주식회사우리모바일,주식회사우리모바일(청천점),후불)텔링크SK,서승구
S텔27032,열)탑모바일(파주),탑모바일,후불)텔링크SK,박종열
S텔27035,준)승승장구,휴대폰성지 승승장구28호점,후불)텔링크SK,황병준
S텔27044,구)트리텔레콤(은평),트리텔레콤,후불)텔링크SK,서승구
S텔27036,열)바른휴대폰(위례),바른휴대폰,후불)텔링크SK,박종열
S텔27053,민)준텔레컴퍼니(원주),준텔레컴퍼니,후불)텔링크SK,김민준
S텔27059,열)어반모바일,주식회사 레퍼런스,후불)텔링크SK,박종열
S텔27067,민)다온모바일(원주),다온모바일,후불)텔링크SK,김민준
S텔27061,열)청북폰(평택),평택휴대폰성지 청북폰,후불)텔링크SK,박종열
S텔27055,영)옆커폰(불광역점),옆커폰 불광역점,후불)텔링크SK,원세영
S텔17157,수)우리모바일(김포),우리모바일,후불)텔링크SK,김성수
S텔27075,구)케이모바일(원미점),케이모바일(원미점),후불)텔링크SK,서승구
S텔27076,열)으뜸도매폰(송파),으뜸도매폰,후불)텔링크SK,박종열
S텔21406,민)보그텔레콤(충주),보그텔레콤,후불)텔링크SK,김민준
S텔20554,구)주식회사 청춘대길,주식회사 청춘대길,후불)텔링크SK,서승구
S텔27026,수)티케이씨모바일(동대문),(주)티케이씨모바일,후불)텔링크SK,김성수
S텔26440,수)반히에우모바일,반히에우 모바일,후불)텔링크SK,김성수
S텔27074,영)옆커폰(노원상계점),휴대폰성지 옆커폰 노원상계점,후불)텔링크SK,원세영
S텔26954,영)옆커폰(삼전역점),휴대폰성지 옆커폰 삼전역점,후불)텔링크SK,원세영
S텔25978,민)라온통신(평택),라온통신,후불)텔링크SK,김민준
S텔20680,민)미소정보통신(평택),미소정보통신,후불)텔링크SK,김민준
S텔26467,준)주식회사태산(소매),주식회사 태산네트웍스 백석점,후불)텔링크SK,황병준
S텔27097,웅)영모바일,영모바일,후불)텔링크SK,정선웅
S텔27100,영)옆커폰(일산백석점),휴대폰성지 옆커폰 백석점,후불)텔링크SK,원세영
S텔27095,우)국대폰(어룡역점),핸드폰클리닉 운정점,후불)텔링크SK,김선우
S텔27096,웅)영인모바일,영인모바일,후불)텔링크SK,정선웅
S텔20720,수)월드모바일(대곶),월드모바일,후불)텔링크SK,김성수
S텔26792,준)승승장구,승승장구텔레콤 22호점,후불)텔링크SK,황병준
S텔26926,준)승승장구,승승장구텔레콤 27호점,후불)텔링크SK,황병준
S텔27118,열)열매통신(대구),열매통신,후불)텔링크SK,박종열
S텔26387,구)착한휴대폰청주점,착한휴대폰 청주점,후불)텔링크SK,서승구
S텔27116,민)핸드폰바꾸실분(파주),핸드폰바꾸실분,후불)텔링크SK,김민준
S텔27107,수)스마트폰면세점(파인애플점),스마트폰면세점 파인애플점,후불)텔링크SK,김성수
S텔27113,영)제이앤컴퍼니,제이앤 컴퍼니,후불)텔링크SK,원세영
S텔23217,민)페리도트엔휴대폰면세점(안성),페리도트엔휴대폰면세점,후불)텔링크SK,김민준
S텔27112,준)주식회사태산(소매),윤통신,후불)텔링크SK,황병준
S텔27111,준)주식회사태산(소매),혜통신,후불)텔링크SK,황병준
S텔27114,준)주식회사태산(소매),가온통신,후불)텔링크SK,황병준
S텔25959,민)(주)눈비 블루폰(평택),(주)눈비 블루폰,후불)텔링크SK,김민준
S텔21332,민)(주)눈비 옐로폰(안성),(주)눈비,후불)텔링크SK,김민준
S텔27126,구)모두의통신(상주),모두의통신,후불)텔링크SK,서승구
S텔27127,영)옆커폰(청주봉명아이파크점),휴대폰성지 옆커폰 봉명점,후불)텔링크SK,원세영
S텔26431,웅)제이비통신,제이비통신,후불)텔링크SK,정선웅
S텔27130,영)옆커폰(원종직영점),휴대폰성지 옆커폰 원종직영점,후불)텔링크SK,원세영
S텔27129,영)옆커폰(당산점),휴대폰성지 옆커폰 당산점,후불)텔링크SK,원세영
S텔27141,민)두총각폰(용인),두총각폰,후불)텔링크SK,김민준
S텔26611,영)옆커폰(시흥은계점),옆커폰 은계점,후불)텔링크SK,원세영
S텔27153,구)위한(의정부),위한,후불)텔링크SK,서승구
S텔27152,영)엉미얀마(부평본점),엉미얀마(수원점),후불)텔링크SK,원세영
S텔27157,영)옆커폰(김포고촌점),휴대폰성지 옆커폰 고촌점,후불)텔링크SK,원세영
S텔27151,영)노마진통신(대전),노마진통신,후불)텔링크SK,원세영
S텔27155,영)옆커폰(송파가락점),휴대폰성지 옆커폰 가락시장점,후불)텔링크SK,원세영
S텔27156,영)옆커폰(신당점),메가유통,후불)텔링크SK,원세영
S텔27170,웅)폰천국(수유),폰천국,후불)텔링크SK,정선웅
S텔24178,수)베스트모바일(의정부),베스트모바일,후불)텔링크SK,김성수
S텔27183,구)탑모바일통신(충주),탑모바일통신,후불)텔링크SK,서승구
S텔27175,구)제이넷(전주),제이넷,후불)텔링크SK,서승구
S텔27184,수)원텔레콤(송파),원텔레콤,후불)텔링크SK,김성수
S텔27187,수)국제사(주안),국제사,후불)텔링크SK,김성수
S텔26474,열)(주)차이홍글로벌,차이홍글로벌,후불)텔링크SK,박종열
S텔21351,열)(주)차이홍글로벌,케이원텔8호점,후불)텔링크SK,박종열
S텔21458,열)(주)차이홍글로벌,케이원텔 10호점,후불)텔링크SK,박종열
S텔21382,열)(주)차이홍글로벌,주식회사 케이원텔,후불)텔링크SK,박종열
S텔27086,열)(주)차이홍글로벌,주식회사 차이홍글로벌,후불)텔링크SK,박종열
S텔27148,민)휴대폰캠퍼스 율량점(청주),휴대폰캠퍼스 율량점,후불)텔링크SK,김민준
S텔27185,열)플렉스샾(김해),플렉스샵,후불)텔링크SK,박종열
S텔27158,준)람경통신,람경통신 전주점,후불)텔링크SK,황병준
S텔27206,민)국대휴대폰성지 영등포점(영등포),국대휴대폰성지 영등포점,후불)텔링크SK,김민준
S텔20585,민)더차칸모바일1호점(시흥),더차칸모바일1호점,후불)텔링크SK,김민준
S텔27213,열)쌍용폰(천안),쌍용폰,후불)텔링크SK,박종열
S텔26228,열)W통신(강동),W통신,후불)텔링크SK,박종열
S텔27219,영)온누리통신,바른모바일,후불)텔링크SK,원세영
S텔17336,웅)바이폰(김포),바이폰,후불)텔링크SK,정선웅
S텔27189,우)어라운드비,니어코리아,후불)텔링크SK,김선우
S텔20750,열)금용통신(대전),금용통신,후불)텔링크SK,박종열
S텔21540,웅)티비모바일(대전),티비모바일,후불)텔링크SK,정선웅
S텔20597,수)감동모바일(대전),감동모바일,후불)텔링크SK,김성수
S텔26225,열)판다텔레콤3(천안),폰바오,후불)텔링크SK,박종열
S텔26610,민)모바일아울렛(오산),모바일아울렛,후불)텔링크SK,김민준
S텔27227,구)리더일원(강남),리더일원,후불)텔링크SK,서승구
S텔27230,민)보라매통신(왕십리),보라매통신,후불)텔링크SK,김민준
S텔27241,민)비씨모바일 정왕점(시흥),차차모바일,후불)텔링크SK,김민준
S텔24948,민)휴대폰365아울렛(용인),휴대폰365아울렛,후불)텔링크SK,김민준
S텔26489,영)일이팔(대전),일이팔,후불)텔링크SK,원세영
S텔23178,수)케이브이엔(대전),케이브이엔,후불)텔링크SK,김성수
S텔27229,웅)홍스통신 휴대폰할인매장(대전),홍스통신 휴대폰할인매장,후불)텔링크SK,정선웅
S텔21008,수)해태통신(대전),해태통신,후불)텔링크SK,김성수
S텔27254,준)주식회사 휴대폰맛집,휴대폰성지 휴대폰맛집 길음점,후불)텔링크SK,황병준
S텔27252,수)제일폰(주안),제일폰,후불)텔링크SK,김성수
S텔27208,영)옆커폰(별가람점),휴대폰성지 옆커폰 별내별가람점,후불)텔링크SK,원세영
S텔27249,영)옆커폰(금천시흥점),휴대폰성지 옆커폰 금천시흥점,후불)텔링크SK,원세영
S텔27266,준)알뜰휴대폰(금천),알뜰휴대폰,후불)텔링크SK,황병준
S텔27263,구)애니콜프라자(진주),애니콜프라자,후불)텔링크SK,서승구
S텔26070,영)휴대폰성지 권선점,휴대폰성지 권선점,후불)텔링크SK,원세영
S텔26465,준)주식회사태산(소매),휴대폰하우스 청전점,후불)텔링크SK,황병준
S텔27305,준)주식회사태산(소매),금천현성,후불)텔링크SK,황병준
S텔27309,민)번개폰(구로),번개폰,후불)텔링크SK,김민준
S텔27314,구)착한통신(마석),착한통신,후불)텔링크SK,서승구
S텔27281,열)휴대폰성지(해남),휴대폰성지,후불)텔링크SK,박종열
S텔27317,영)옆커폰(청주지웰복대점),청주핸드폰성지 옆커폰복대지웰점,후불)텔링크SK,원세영
S텔20917,민)브랜드모바일(천안),브랜드모바일,후불)텔링크SK,김민준
S텔27341,민)월드텔레콤(천안),월드텔레콤,후불)텔링크SK,김민준
S텔27308,영)옆커폰(남가좌점),휴대폰성지 옆커폰 남가좌점,후불)텔링크SK,원세영
S텔26739,웅)만후엔모바일(수원),만후엔 모바일,후불)텔링크SK,정선웅
S텔27388,민)민지(구로),민지,후불)텔링크SK,김민준
S텔27384,민)아빠통신(구로),아빠통신,후불)텔링크SK,김민준
S텔27386,민)대박통신(시흥),대박통신 강동점,후불)텔링크SK,김민준
S텔27397,민)씨엔아이통신(부천),씨엔아이 2호점,후불)텔링크SK,김민준
S텔24526,영)유셀(길음),유셀,후불)텔링크SK,원세영
S텔27405,영)옆커폰(공주점),공주휴대폰성지 옆커폰 공주신관점,후불)텔링크SK,원세영
S텔27413,열)주식회사일함5,평택 휴대폰성지 도매폰센타,후불)텔링크SK,박종열
S텔27419,영)옆커폰(청주금천점),청주휴대폰성지옆커폰금천점,후불)텔링크SK,원세영
S텔23913,민)제이텔정보(부천),제이텔정보,후불)텔링크SK,김민준
S텔27439,열)향남휴대폰서비스센터,향남휴대폰서비스센터,후불)텔링크SK,박종열
S텔27445,준)람경통신,유한회사 잠연글로벌,후불)텔링크SK,황병준
S텔27430,수)더블에이치통신(병점),더블에이치 통신,후불)텔링크SK,김성수
S텔27431,영)옆커폰(청주오창점),휴대폰성지옆커폰청주오창점,후불)텔링크SK,원세영
S텔27444,영)옆커폰(천안용화점),휴대폰성지 옆커폰 아산용화점,후불)텔링크SK,원세영
S텔27319,준)제이제이,휴대폰파는총각 율하점,후불)텔링크SK,황병준
S텔27463,열)노란마켓(전포점),노란마켓 전포점,후불)텔링크SK,박종열
S텔23845,수)스마트폰면세점 인천(송림점),스마트폰면세점 인천(송림점),후불)텔링크SK,김성수
S텔27510,구)(주)세이치즈 창동점,(주)세이치즈 창동점,후불)텔링크SK,서승구
S텔27492,민)365도매폰(수원),365도매폰,후불)텔링크SK,김민준
S텔27491,민)단단드림컴퍼니(고양),단단드림컴퍼니,후불)텔링크SK,김민준
S텔27496,열)에스지피플2(중랑),에스지피플2,후불)텔링크SK,박종열
S텔27513,영)옆커폰(별내점),휴대폰성지 옆커폰 별내점,후불)텔링크SK,원세영
S텔27509,영)흥화통신2(안산),흥화통신,후불)텔링크SK,원세영
S텔27543,구)제이디모바일(화곡본동시장점),제이디모바일(화곡본동시장점),후불)텔링크SK,서승구
S텔27464,민)우리동네국민폰 탑동점(수원),우리동네국민폰 탑동점,후불)텔링크SK,김민준
S텔27577,구)애플모바일(부산),애플모바일,후불)텔링크SK,서승구
S텔27571,영)이지마트(곤지암),이지마트,후불)텔링크SK,원세영
S텔27594,영)옆커폰(대전둔산점),휴대폰성지 옆커폰 대전 둔산점,후불)텔링크SK,원세영
S텔23987,우)럭키홀,럭키홀,후불)텔링크SK,김선우
S텔27596,수)해운대휴대폰(부산),해운대휴대폰,후불)텔링크SK,김성수
S텔27613,구)봄텔레콤(중랑),봄텔레콤,후불)텔링크SK,서승구
S텔27614,민)성지모바일(구로),성지모바일,후불)텔링크SK,김민준
S텔27610,우)쌍둥이텔레콤,쌍둥이텔레콤,후불)텔링크SK,김선우
S텔27576,구)성지랜드(양주),성지랜드,후불)텔링크SK,서승구
S텔27640,구)엠씨모바일(천안),엠씨모바일,후불)텔링크SK,서승구
S텔27620,열)에이비씨텔레콤,에이비씨텔레콤,후불)텔링크SK,박종열
S텔27160,우)국대폰(어룡역점),함께하고,후불)텔링크SK,김선우
S텔27623,민)도매폰 화서점(수원),도매폰 화서점,후불)텔링크SK,김민준
S텔27659,열)으뜸도매폰2,으뜸도매폰2,후불)텔링크SK,박종열
S텔25536,영)옆커폰(응암점),휴대폰성지옆커폰응암역점,후불)텔링크SK,원세영
S텔27670,구)휴대폰가게 양주점,휴대폰가게 양주점,후불)텔링크SK,서승구
S텔27673,준)제이제이진천점,휴대폰파는총각진천점,후불)텔링크SK,황병준
S텔27675,구)휴대폰성지 장안동점,휴대폰성지 장안동점,후불)텔링크SK,서승구
S텔27512,준)람경통신,베이비통신,후불)텔링크SK,황병준
S텔27669,민)보나폰(노원구),보나폰,후불)텔링크SK,김민준
S텔27694,열)한진정보통신,한진정보통신,후불)텔링크SK,박종열
S텔27688,준)주식회사 휴대폰맛집,휴대폰성지 시흥점,후불)텔링크SK,황병준
S텔27687,준)주식회사 휴대폰맛집,휴대폰성지 휴대폰맛집 사당점,후불)텔링크SK,황병준
S텔27706,준)알뜰폰(제주),알뜰폰 선불폰 중고폰,후불)텔링크SK,황병준
S텔27664,웅)리턴중고폰,리턴중고폰,후불)텔링크SK,정선웅
S텔27695,영)주원통신(춘천),주원통신 만천점,후불)텔링크SK,원세영
S텔27739,구)해피폰(잠실),해피폰,후불)텔링크SK,서승구
S텔27745,구)주식회사 휴대폰헤븐(강동),주식회사 휴대폰헤븐,후불)텔링크SK,서승구
S텔27710,열)세븐모바일(장안점),세븐모바일장안점,후불)텔링크SK,박종열
S텔27734,준)람경통신,유한회사 잠연글로벌,후불)텔링크SK,황병준
S텔27717,웅)성지요 인천논현점,성지요 인천논현점,후불)텔링크SK,정선웅
S텔27743,영)옆커폰(세종보람점),주식회사 옆커폰세종,후불)텔링크SK,원세영
S텔27699,웅)보스,(주)보스그룹 대구가톨릭,후불)텔링크SK,정선웅
